ci	Set up job	﻿2026-09-08T04:15:53.1056541Z Current runner version: '2.337.0'
ci	Set up job	2026-09-08T04:15:53.1082310Z ##[group]Runner Image Provisioner
ci	Set up job	2026-09-08T04:15:53.1083405Z Hosted Compute Agent
ci	Set up job	2026-09-08T04:15:53.1084389Z Version: 20260828.587
ci	Set up job	2026-09-08T04:15:53.1085157Z Commit: abac92662cab4cc7352de4f9f9d2e2419aad9c29
ci	Set up job	2026-09-08T04:15:53.1086089Z Build Date: 2026-08-28T16:44:25Z
ci	Set up job	2026-09-08T04:15:53.1086929Z Worker ID: {ab57fce7-3f9d-4629-b6b8-21a3108b92c6}
ci	Set up job	2026-09-08T04:15:53.1087729Z Azure Region: centralus
ci	Set up job	2026-09-08T04:15:53.1088459Z ##[endgroup]
ci	Set up job	2026-09-08T04:15:53.1090209Z ##[group]Operating System
ci	Set up job	2026-09-08T04:15:53.1091037Z Ubuntu
ci	Set up job	2026-09-08T04:15:53.1091647Z 24.04.4
ci	Set up job	2026-09-08T04:15:53.1092235Z LTS
ci	Set up job	2026-09-08T04:15:53.1092915Z ##[endgroup]
ci	Set up job	2026-09-08T04:15:53.1093786Z ##[group]Runner Image
ci	Set up job	2026-09-08T04:15:53.1094583Z Image: ubuntu-24.04
ci	Set up job	2026-09-08T04:15:53.1095270Z Version: 20260831.293.1
ci	Set up job	2026-09-08T04:15:53.1096522Z Included Software: https://github.com/actions/runner-images/blob/ubuntu24/20260831.293/images/ubuntu/Ubuntu2404-Readme.md
ci	Set up job	2026-09-08T04:15:53.1098521Z Image Release: https://github.com/actions/runner-images/releases/tag/ubuntu24%2F20260831.293
ci	Set up job	2026-09-08T04:15:53.1099733Z ##[endgroup]
ci	Set up job	2026-09-08T04:15:53.1101176Z ##[group]GITHUB_TOKEN Permissions
ci	Set up job	2026-09-08T04:15:53.1103958Z Contents: read
ci	Set up job	2026-09-08T04:15:53.1104706Z Metadata: read
ci	Set up job	2026-09-08T04:15:53.1105468Z Packages: read
ci	Set up job	2026-09-08T04:15:53.1106199Z ##[endgroup]
ci	Set up job	2026-09-08T04:15:53.1108269Z Secret source: Actions
ci	Set up job	2026-09-08T04:15:53.1109668Z Prepare workflow directory
ci	Set up job	2026-09-08T04:15:53.1481215Z Prepare all required actions
ci	Set up job	2026-09-08T04:15:53.1538139Z Getting action download info
ci	Set up job	2026-09-08T04:15:53.3534402Z Download action repository 'actions/checkout@v4' (SHA:11d5960a326750d5838078e36cf38b85af677262)
ci	Set up job	2026-09-08T04:15:53.5358536Z Download action repository 'actions/setup-node@v4' (SHA:49933ea5288caeca8642d1e84afbd3f7d6820020)
ci	Set up job	2026-09-08T04:15:53.7166410Z Complete job name: ci
ci	Initialize containers	﻿2026-09-08T04:15:53.7563478Z ##[group]Checking docker version
ci	Initialize containers	2026-09-08T04:15:53.7574013Z ##[command]/usr/bin/docker version --format '{{.Server.APIVersion}}'
ci	Initialize containers	2026-09-08T04:15:53.8362262Z '1.48'
ci	Initialize containers	2026-09-08T04:15:53.8374159Z Docker daemon API version: '1.48'
ci	Initialize containers	2026-09-08T04:15:53.8375195Z ##[command]/usr/bin/docker version --format '{{.Client.APIVersion}}'
ci	Initialize containers	2026-09-08T04:15:53.8524359Z '1.48'
ci	Initialize containers	2026-09-08T04:15:53.8535850Z Docker client API version: '1.48'
ci	Initialize containers	2026-09-08T04:15:53.8540015Z ##[endgroup]
ci	Initialize containers	2026-09-08T04:15:53.8542836Z ##[group]Clean up resources from previous jobs
ci	Initialize containers	2026-09-08T04:15:53.8547502Z ##[command]/usr/bin/docker ps --all --quiet --no-trunc --filter "label=3b3bf0"
ci	Initialize containers	2026-09-08T04:15:53.8669388Z ##[command]/usr/bin/docker network prune --force --filter "label=3b3bf0"
ci	Initialize containers	2026-09-08T04:15:53.8779061Z ##[endgroup]
ci	Initialize containers	2026-09-08T04:15:53.8779604Z ##[group]Create local container network
ci	Initialize containers	2026-09-08T04:15:53.8787666Z ##[command]/usr/bin/docker network create --label 3b3bf0 github_network_3e95c65c3dd0439887ed63c079501603
ci	Initialize containers	2026-09-08T04:15:54.0884742Z 9f23164e6126556e18907df30183d3f2a01d7ab659156b7794552800926a6ff8
ci	Initialize containers	2026-09-08T04:15:54.0895962Z ##[endgroup]
ci	Initialize containers	2026-09-08T04:15:54.0915995Z ##[group]Starting postgres service container
ci	Initialize containers	2026-09-08T04:15:54.0932887Z ##[command]/usr/bin/docker pull postgres:15
ci	Initialize containers	2026-09-08T04:15:55.0502966Z 15: Pulling from library/postgres
ci	Initialize containers	2026-09-08T04:15:55.2827088Z 6310eb16bf42: Pulling fs layer
ci	Initialize containers	2026-09-08T04:15:55.2831529Z 639367129460: Pulling fs layer
ci	Initialize containers	2026-09-08T04:15:55.2833453Z 248bdcd6e955: Pulling fs layer
ci	Initialize containers	2026-09-08T04:15:55.2835111Z 8d2f3610bf84: Pulling fs layer
ci	Initialize containers	2026-09-08T04:15:55.2836735Z 22bf49630d7e: Pulling fs layer
ci	Initialize containers	2026-09-08T04:15:55.2838123Z d523576e6b46: Pulling fs layer
ci	Initialize containers	2026-09-08T04:15:55.2839539Z d522ad15b8c1: Pulling fs layer
ci	Initialize containers	2026-09-08T04:15:55.2840893Z 876153b11224: Pulling fs layer
ci	Initialize containers	2026-09-08T04:15:55.2842229Z 04913c3958ed: Pulling fs layer
ci	Initialize containers	2026-09-08T04:15:55.2843764Z a849d36c92a3: Pulling fs layer
ci	Initialize containers	2026-09-08T04:15:55.2845158Z d6430d172c75: Pulling fs layer
ci	Initialize containers	2026-09-08T04:15:55.2846517Z b86905d46631: Pulling fs layer
ci	Initialize containers	2026-09-08T04:15:55.2848053Z 2659259e5615: Pulling fs layer
ci	Initialize containers	2026-09-08T04:15:55.2849776Z 8f6bdf8e7ebe: Pulling fs layer
ci	Initialize containers	2026-09-08T04:15:55.2851235Z 04913c3958ed: Waiting
ci	Initialize containers	2026-09-08T04:15:55.2852436Z 8d2f3610bf84: Waiting
ci	Initialize containers	2026-09-08T04:15:55.2853968Z 22bf49630d7e: Waiting
ci	Initialize containers	2026-09-08T04:15:55.2855296Z b86905d46631: Waiting
ci	Initialize containers	2026-09-08T04:15:55.2856546Z 8f6bdf8e7ebe: Waiting
ci	Initialize containers	2026-09-08T04:15:55.2857946Z 2659259e5615: Waiting
ci	Initialize containers	2026-09-08T04:15:55.2859249Z a849d36c92a3: Waiting
ci	Initialize containers	2026-09-08T04:15:55.2860624Z d6430d172c75: Waiting
ci	Initialize containers	2026-09-08T04:15:55.2862056Z d523576e6b46: Waiting
ci	Initialize containers	2026-09-08T04:15:55.2863489Z 876153b11224: Waiting
ci	Initialize containers	2026-09-08T04:15:55.4577462Z 639367129460: Verifying Checksum
ci	Initialize containers	2026-09-08T04:15:55.4578241Z 639367129460: Download complete
ci	Initialize containers	2026-09-08T04:15:55.5875453Z 248bdcd6e955: Verifying Checksum
ci	Initialize containers	2026-09-08T04:15:55.5876646Z 248bdcd6e955: Download complete
ci	Initialize containers	2026-09-08T04:15:55.6446683Z 6310eb16bf42: Verifying Checksum
ci	Initialize containers	2026-09-08T04:15:55.6448181Z 6310eb16bf42: Download complete
ci	Initialize containers	2026-09-08T04:15:55.6719151Z 8d2f3610bf84: Verifying Checksum
ci	Initialize containers	2026-09-08T04:15:55.6722185Z 8d2f3610bf84: Download complete
ci	Initialize containers	2026-09-08T04:15:55.8005723Z d522ad15b8c1: Verifying Checksum
ci	Initialize containers	2026-09-08T04:15:55.8009641Z d522ad15b8c1: Download complete
ci	Initialize containers	2026-09-08T04:15:55.8495507Z d523576e6b46: Verifying Checksum
ci	Initialize containers	2026-09-08T04:15:55.8496972Z d523576e6b46: Download complete
ci	Initialize containers	2026-09-08T04:15:55.9046720Z 22bf49630d7e: Download complete
ci	Initialize containers	2026-09-08T04:15:55.9333136Z 876153b11224: Verifying Checksum
ci	Initialize containers	2026-09-08T04:15:55.9334178Z 876153b11224: Download complete
ci	Initialize containers	2026-09-08T04:15:56.0386012Z a849d36c92a3: Verifying Checksum
ci	Initialize containers	2026-09-08T04:15:56.0386946Z a849d36c92a3: Download complete
ci	Initialize containers	2026-09-08T04:15:56.0816939Z d6430d172c75: Verifying Checksum
ci	Initialize containers	2026-09-08T04:15:56.0817905Z d6430d172c75: Download complete
ci	Initialize containers	2026-09-08T04:15:56.1708731Z b86905d46631: Verifying Checksum
ci	Initialize containers	2026-09-08T04:15:56.1709471Z b86905d46631: Download complete
ci	Initialize containers	2026-09-08T04:15:56.2262845Z 2659259e5615: Verifying Checksum
ci	Initialize containers	2026-09-08T04:15:56.2263522Z 2659259e5615: Download complete
ci	Initialize containers	2026-09-08T04:15:56.3138986Z 8f6bdf8e7ebe: Verifying Checksum
ci	Initialize containers	2026-09-08T04:15:56.3140197Z 8f6bdf8e7ebe: Download complete
ci	Initialize containers	2026-09-08T04:15:56.3923415Z 6310eb16bf42: Pull complete
ci	Initialize containers	2026-09-08T04:15:56.4469261Z 04913c3958ed: Verifying Checksum
ci	Initialize containers	2026-09-08T04:15:56.4469889Z 04913c3958ed: Download complete
ci	Initialize containers	2026-09-08T04:15:57.6024190Z 639367129460: Pull complete
ci	Initialize containers	2026-09-08T04:15:57.8403209Z 248bdcd6e955: Pull complete
ci	Initialize containers	2026-09-08T04:15:57.8903018Z 8d2f3610bf84: Pull complete
ci	Initialize containers	2026-09-08T04:15:58.2699176Z 22bf49630d7e: Pull complete
ci	Initialize containers	2026-09-08T04:15:58.3601594Z d523576e6b46: Pull complete
ci	Initialize containers	2026-09-08T04:15:58.3718282Z d522ad15b8c1: Pull complete
ci	Initialize containers	2026-09-08T04:15:58.3816091Z 876153b11224: Pull complete
ci	Initialize containers	2026-09-08T04:16:01.7788545Z 04913c3958ed: Pull complete
ci	Initialize containers	2026-09-08T04:16:01.8041061Z a849d36c92a3: Pull complete
ci	Initialize containers	2026-09-08T04:16:01.8127786Z d6430d172c75: Pull complete
ci	Initialize containers	2026-09-08T04:16:01.8230544Z b86905d46631: Pull complete
ci	Initialize containers	2026-09-08T04:16:01.8321485Z 2659259e5615: Pull complete
ci	Initialize containers	2026-09-08T04:16:01.8430428Z 8f6bdf8e7ebe: Pull complete
ci	Initialize containers	2026-09-08T04:16:01.8477439Z Digest: sha256:9b1d34adbce1dd07ee6e94b4a2cf698884b89bd44a6c9c12f5da8f3acbfe4957
ci	Initialize containers	2026-09-08T04:16:01.8491704Z Status: Downloaded newer image for postgres:15
ci	Initialize containers	2026-09-08T04:16:01.8522470Z docker.io/library/postgres:15
ci	Initialize containers	2026-09-08T04:16:01.8566259Z ##[command]/usr/bin/docker create --name 6d60fd3ed88b4bf9ae147d753379544c_postgres15_5d4701 --label 3b3bf0 --network github_network_3e95c65c3dd0439887ed63c079501603 --network-alias postgres -p 5432:5432 --health-cmd "pg_isready -U postgres -d ci" --health-interval 5s --health-timeout 5s --health-retries 10 -e "POSTGRES_USER=postgres" -e "POSTGRES_PASSWORD=postgres" -e "POSTGRES_DB=ci" -e GITHUB_ACTIONS=true -e CI=true postgres:15
ci	Initialize containers	2026-09-08T04:16:01.8799764Z 31ee35b22945876b4acc54ec0a0c5fc07ed74a0dbee7ef9aee15b40738cfe310
ci	Initialize containers	2026-09-08T04:16:01.8814210Z ##[command]/usr/bin/docker start 31ee35b22945876b4acc54ec0a0c5fc07ed74a0dbee7ef9aee15b40738cfe310
ci	Initialize containers	2026-09-08T04:16:02.5245053Z 31ee35b22945876b4acc54ec0a0c5fc07ed74a0dbee7ef9aee15b40738cfe310
ci	Initialize containers	2026-09-08T04:16:02.5267710Z ##[command]/usr/bin/docker ps --all --filter id=31ee35b22945876b4acc54ec0a0c5fc07ed74a0dbee7ef9aee15b40738cfe310 --filter status=running --no-trunc --format "{{.ID}} {{.Status}}"
ci	Initialize containers	2026-09-08T04:16:02.5429755Z 31ee35b22945876b4acc54ec0a0c5fc07ed74a0dbee7ef9aee15b40738cfe310 Up Less than a second (health: starting)
ci	Initialize containers	2026-09-08T04:16:02.5444185Z ##[command]/usr/bin/docker port 31ee35b22945876b4acc54ec0a0c5fc07ed74a0dbee7ef9aee15b40738cfe310
ci	Initialize containers	2026-09-08T04:16:02.5552177Z 5432/tcp -> 0.0.0.0:5432
ci	Initialize containers	2026-09-08T04:16:02.5552960Z 5432/tcp -> [::]:5432
ci	Initialize containers	2026-09-08T04:16:02.5587781Z ##[endgroup]
ci	Initialize containers	2026-09-08T04:16:02.5595374Z ##[group]Waiting for all services to be ready
ci	Initialize containers	2026-09-08T04:16:02.5606886Z ##[command]/usr/bin/docker inspect --format="{{if .Config.Healthcheck}}{{print .State.Health.Status}}{{end}}" 31ee35b22945876b4acc54ec0a0c5fc07ed74a0dbee7ef9aee15b40738cfe310
ci	Initialize containers	2026-09-08T04:16:02.5726109Z starting
ci	Initialize containers	2026-09-08T04:16:02.5740888Z postgres service is starting, waiting 2 seconds before checking again.
ci	Initialize containers	2026-09-08T04:16:04.5740307Z ##[command]/usr/bin/docker inspect --format="{{if .Config.Healthcheck}}{{print .State.Health.Status}}{{end}}" 31ee35b22945876b4acc54ec0a0c5fc07ed74a0dbee7ef9aee15b40738cfe310
ci	Initialize containers	2026-09-08T04:16:04.5856333Z starting
ci	Initialize containers	2026-09-08T04:16:04.5863123Z postgres service is starting, waiting 4 seconds before checking again.
ci	Initialize containers	2026-09-08T04:16:08.7660838Z ##[command]/usr/bin/docker inspect --format="{{if .Config.Healthcheck}}{{print .State.Health.Status}}{{end}}" 31ee35b22945876b4acc54ec0a0c5fc07ed74a0dbee7ef9aee15b40738cfe310
ci	Initialize containers	2026-09-08T04:16:08.7774540Z healthy
ci	Initialize containers	2026-09-08T04:16:08.7794655Z postgres service is healthy.
ci	Initialize containers	2026-09-08T04:16:08.7795077Z ##[endgroup]
ci	Run actions/checkout@v4	﻿2026-09-08T04:16:08.8022841Z Node 20 is being deprecated. This workflow is running with Node 24 by default. If you need to temporarily use Node 20, you can set the ACTIONS_ALLOW_USE_UNSECURE_NODE_VERSION=true environment variable. For more information see: https://github.blog/changelog/2025-09-19-deprecation-of-node-20-on-github-actions-runners/
ci	Run actions/checkout@v4	2026-09-08T04:16:08.8029684Z ##[group]Run actions/checkout@v4
ci	Run actions/checkout@v4	2026-09-08T04:16:08.8030158Z with:
ci	Run actions/checkout@v4	2026-09-08T04:16:08.8030421Z   repository: Abraha33/API-Dian
ci	Run actions/checkout@v4	2026-09-08T04:16:08.8032439Z   token: ***
ci	Run actions/checkout@v4	2026-09-08T04:16:08.8032711Z   ssh-strict: true
ci	Run actions/checkout@v4	2026-09-08T04:16:08.8032990Z   ssh-user: git
ci	Run actions/checkout@v4	2026-09-08T04:16:08.8033272Z   persist-credentials: true
ci	Run actions/checkout@v4	2026-09-08T04:16:08.8033581Z   clean: true
ci	Run actions/checkout@v4	2026-09-08T04:16:08.8034044Z   sparse-checkout-cone-mode: true
ci	Run actions/checkout@v4	2026-09-08T04:16:08.8034369Z   fetch-depth: 1
ci	Run actions/checkout@v4	2026-09-08T04:16:08.8034621Z   fetch-tags: false
ci	Run actions/checkout@v4	2026-09-08T04:16:08.8034892Z   show-progress: true
ci	Run actions/checkout@v4	2026-09-08T04:16:08.8035145Z   lfs: false
ci	Run actions/checkout@v4	2026-09-08T04:16:08.8035369Z   submodules: false
ci	Run actions/checkout@v4	2026-09-08T04:16:08.8035769Z   set-safe-directory: true
ci	Run actions/checkout@v4	2026-09-08T04:16:08.8036045Z   allow-unsafe-pr-checkout: false
ci	Run actions/checkout@v4	2026-09-08T04:16:08.8036485Z ##[endgroup]
ci	Run actions/checkout@v4	2026-09-08T04:16:08.8907803Z Syncing repository: Abraha33/API-Dian
ci	Run actions/checkout@v4	2026-09-08T04:16:08.8909596Z ##[group]Getting Git version info
ci	Run actions/checkout@v4	2026-09-08T04:16:08.8910231Z Working directory is '/home/runner/work/API-Dian/API-Dian'
ci	Run actions/checkout@v4	2026-09-08T04:16:08.8911087Z [command]/usr/bin/git version
ci	Run actions/checkout@v4	2026-09-08T04:16:08.8918980Z git version 2.55.0
ci	Run actions/checkout@v4	2026-09-08T04:16:08.8934121Z ##[endgroup]
ci	Run actions/checkout@v4	2026-09-08T04:16:08.8944036Z Temporarily overriding HOME='/home/runner/work/_temp/b2f4e9ff-9f83-4a01-ad5e-5656a9ccff29' before making global git config changes
ci	Run actions/checkout@v4	2026-09-08T04:16:08.8945172Z Adding repository directory to the temporary git global config as a safe directory
ci	Run actions/checkout@v4	2026-09-08T04:16:08.8948068Z [command]/usr/bin/git config --global --add safe.directory /home/runner/work/API-Dian/API-Dian
ci	Run actions/checkout@v4	2026-09-08T04:16:08.8985569Z Deleting the contents of '/home/runner/work/API-Dian/API-Dian'
ci	Run actions/checkout@v4	2026-09-08T04:16:08.8988777Z ##[group]Initializing the repository
ci	Run actions/checkout@v4	2026-09-08T04:16:08.8992949Z [command]/usr/bin/git init /home/runner/work/API-Dian/API-Dian
ci	Run actions/checkout@v4	2026-09-08T04:16:08.9073901Z hint: Using 'master' as the name for the initial branch. This default branch name
ci	Run actions/checkout@v4	2026-09-08T04:16:08.9074814Z hint: will change to "main" in Git 3.0. To configure the initial branch name
ci	Run actions/checkout@v4	2026-09-08T04:16:08.9075914Z hint: to use in all of your new repositories, which will suppress this warning,
ci	Run actions/checkout@v4	2026-09-08T04:16:08.9076593Z hint: call:
ci	Run actions/checkout@v4	2026-09-08T04:16:08.9077027Z hint:
ci	Run actions/checkout@v4	2026-09-08T04:16:08.9077667Z hint: 	git config --global init.defaultBranch <name>
ci	Run actions/checkout@v4	2026-09-08T04:16:08.9078315Z hint:
ci	Run actions/checkout@v4	2026-09-08T04:16:08.9078906Z hint: Names commonly chosen instead of 'master' are 'main', 'trunk' and
ci	Run actions/checkout@v4	2026-09-08T04:16:08.9079715Z hint: 'development'. The just-created branch can be renamed via this command:
ci	Run actions/checkout@v4	2026-09-08T04:16:08.9080326Z hint:
ci	Run actions/checkout@v4	2026-09-08T04:16:08.9081357Z hint: 	git branch -m <name>
ci	Run actions/checkout@v4	2026-09-08T04:16:08.9081999Z hint:
ci	Run actions/checkout@v4	2026-09-08T04:16:08.9082789Z hint: Disable this message with "git config set advice.defaultBranchName false"
ci	Run actions/checkout@v4	2026-09-08T04:16:08.9083581Z Initialized empty Git repository in /home/runner/work/API-Dian/API-Dian/.git/
ci	Run actions/checkout@v4	2026-09-08T04:16:08.9086264Z [command]/usr/bin/git remote add origin https://github.com/Abraha33/API-Dian
ci	Run actions/checkout@v4	2026-09-08T04:16:08.9120007Z ##[endgroup]
ci	Run actions/checkout@v4	2026-09-08T04:16:08.9120712Z ##[group]Disabling automatic garbage collection
ci	Run actions/checkout@v4	2026-09-08T04:16:08.9123525Z [command]/usr/bin/git config --local gc.auto 0
ci	Run actions/checkout@v4	2026-09-08T04:16:08.9145441Z ##[endgroup]
ci	Run actions/checkout@v4	2026-09-08T04:16:08.9146032Z ##[group]Setting up auth
ci	Run actions/checkout@v4	2026-09-08T04:16:08.9151228Z [command]/usr/bin/git config --local --name-only --get-regexp core\.sshCommand
ci	Run actions/checkout@v4	2026-09-08T04:16:08.9172956Z [command]/usr/bin/git submodule foreach --recursive sh -c "git config --local --name-only --get-regexp 'core\.sshCommand' && git config --local --unset-all 'core.sshCommand' || :"
ci	Run actions/checkout@v4	2026-09-08T04:16:08.9446879Z [command]/usr/bin/git config --local --name-only --get-regexp http\.https\:\/\/github\.com\/\.extraheader
ci	Run actions/checkout@v4	2026-09-08T04:16:08.9473789Z [command]/usr/bin/git submodule foreach --recursive sh -c "git config --local --name-only --get-regexp 'http\.https\:\/\/github\.com\/\.extraheader' && git config --local --unset-all 'http.https://github.com/.extraheader' || :"
ci	Run actions/checkout@v4	2026-09-08T04:16:08.9651381Z [command]/usr/bin/git config --local --name-only --get-regexp ^includeIf\.gitdir:
ci	Run actions/checkout@v4	2026-09-08T04:16:08.9682710Z [command]/usr/bin/git submodule foreach --recursive git config --local --show-origin --name-only --get-regexp remote.origin.url
ci	Run actions/checkout@v4	2026-09-08T04:16:08.9842116Z [command]/usr/bin/git config --local http.https://github.com/.extraheader AUTHORIZATION: basic ***
ci	Run actions/checkout@v4	2026-09-08T04:16:08.9867458Z ##[endgroup]
ci	Run actions/checkout@v4	2026-09-08T04:16:08.9868297Z ##[group]Fetching the repository
ci	Run actions/checkout@v4	2026-09-08T04:16:08.9876079Z [command]/usr/bin/git -c protocol.version=2 fetch --no-tags --prune --no-recurse-submodules --depth=1 origin +33328828eb2ac69a40f83a329e01f6ccab1c6888:refs/remotes/origin/experiment/astra-full-api-dian-v1
ci	Run actions/checkout@v4	2026-09-08T04:16:09.4554370Z From https://github.com/Abraha33/API-Dian
ci	Run actions/checkout@v4	2026-09-08T04:16:09.4555723Z  * [new ref]         33328828eb2ac69a40f83a329e01f6ccab1c6888 -> origin/experiment/astra-full-api-dian-v1
ci	Run actions/checkout@v4	2026-09-08T04:16:09.4558428Z ##[endgroup]
ci	Run actions/checkout@v4	2026-09-08T04:16:09.4559206Z ##[group]Determining the checkout info
ci	Run actions/checkout@v4	2026-09-08T04:16:09.4560023Z ##[endgroup]
ci	Run actions/checkout@v4	2026-09-08T04:16:09.4560550Z [command]/usr/bin/git sparse-checkout disable
ci	Run actions/checkout@v4	2026-09-08T04:16:09.4594169Z [command]/usr/bin/git config --local --unset-all extensions.worktreeConfig
ci	Run actions/checkout@v4	2026-09-08T04:16:09.4616994Z ##[group]Checking out the ref
ci	Run actions/checkout@v4	2026-09-08T04:16:09.4623475Z [command]/usr/bin/git checkout --progress --force -B experiment/astra-full-api-dian-v1 refs/remotes/origin/experiment/astra-full-api-dian-v1
ci	Run actions/checkout@v4	2026-09-08T04:16:09.4786541Z Switched to a new branch 'experiment/astra-full-api-dian-v1'
ci	Run actions/checkout@v4	2026-09-08T04:16:09.4790214Z branch 'experiment/astra-full-api-dian-v1' set up to track 'origin/experiment/astra-full-api-dian-v1'.
ci	Run actions/checkout@v4	2026-09-08T04:16:09.4794049Z ##[endgroup]
ci	Run actions/checkout@v4	2026-09-08T04:16:09.4825385Z [command]/usr/bin/git log -1 --format=%H
ci	Run actions/checkout@v4	2026-09-08T04:16:09.4843157Z 33328828eb2ac69a40f83a329e01f6ccab1c6888
ci	Run actions/setup-node@v4	﻿2026-09-08T04:16:09.5034313Z Node 20 is being deprecated. This workflow is running with Node 24 by default. If you need to temporarily use Node 20, you can set the ACTIONS_ALLOW_USE_UNSECURE_NODE_VERSION=true environment variable. For more information see: https://github.blog/changelog/2025-09-19-deprecation-of-node-20-on-github-actions-runners/
ci	Run actions/setup-node@v4	2026-09-08T04:16:09.5036566Z ##[group]Run actions/setup-node@v4
ci	Run actions/setup-node@v4	2026-09-08T04:16:09.5036934Z with:
ci	Run actions/setup-node@v4	2026-09-08T04:16:09.5037212Z   node-version: 24
ci	Run actions/setup-node@v4	2026-09-08T04:16:09.5037543Z   cache: npm
ci	Run actions/setup-node@v4	2026-09-08T04:16:09.5037863Z   cache-dependency-path: apps/api/package-lock.json
ci	Run actions/setup-node@v4	2026-09-08T04:16:09.5038297Z   always-auth: false
ci	Run actions/setup-node@v4	2026-09-08T04:16:09.5038584Z   check-latest: false
ci	Run actions/setup-node@v4	2026-09-08T04:16:09.5041200Z   token: ***
ci	Run actions/setup-node@v4	2026-09-08T04:16:09.5041436Z ##[endgroup]
ci	Run actions/setup-node@v4	2026-09-08T04:16:09.6197827Z Found in cache @ /opt/hostedtoolcache/node/24.20.0/x64
ci	Run actions/setup-node@v4	2026-09-08T04:16:09.6200549Z (node:2474) [DEP0040] DeprecationWarning: The `punycode` module is deprecated. Please use a userland alternative instead.
ci	Run actions/setup-node@v4	2026-09-08T04:16:09.6201421Z (Use `node --trace-deprecation ...` to show where the warning was created)
ci	Run actions/setup-node@v4	2026-09-08T04:16:09.6202621Z ##[group]Environment details
ci	Run actions/setup-node@v4	2026-09-08T04:16:09.9476053Z node: v24.20.0
ci	Run actions/setup-node@v4	2026-09-08T04:16:09.9476402Z npm: 11.19.0
ci	Run actions/setup-node@v4	2026-09-08T04:16:09.9476632Z yarn: 1.22.22
ci	Run actions/setup-node@v4	2026-09-08T04:16:09.9477166Z ##[endgroup]
ci	Run actions/setup-node@v4	2026-09-08T04:16:09.9509772Z [command]/opt/hostedtoolcache/node/24.20.0/x64/bin/npm config get cache
ci	Run actions/setup-node@v4	2026-09-08T04:16:10.0393121Z /home/runner/.npm
ci	Run actions/setup-node@v4	2026-09-08T04:16:10.1922770Z Cache hit for: node-cache-Linux-x64-npm-0bf1052aa5a480812542930f81012a5a8172984c759af0ae2b03b52f918c2064
ci	Run actions/setup-node@v4	2026-09-08T04:16:10.2007161Z (node:2474) [DEP0169] DeprecationWarning: `url.parse()` behavior is not standardized and prone to errors that have security implications. Use the WHATWG URL API instead. CVEs are not issued for `url.parse()` vulnerabilities.
ci	Run actions/setup-node@v4	2026-09-08T04:16:11.1066285Z Received 32688450 of 32688450 (100.0%), 39.9 MBs/sec
ci	Run actions/setup-node@v4	2026-09-08T04:16:11.1066998Z Cache Size: ~31 MB (32688450 B)
ci	Run actions/setup-node@v4	2026-09-08T04:16:11.1088894Z [command]/usr/bin/tar -xf /home/runner/work/_temp/bc4a851a-c692-4059-abd0-15d94af54db9/cache.tzst -P -C /home/runner/work/API-Dian/API-Dian --use-compress-program unzstd
ci	Run actions/setup-node@v4	2026-09-08T04:16:11.1868835Z Cache restored successfully
ci	Run actions/setup-node@v4	2026-09-08T04:16:11.1881132Z Cache restored from key: node-cache-Linux-x64-npm-0bf1052aa5a480812542930f81012a5a8172984c759af0ae2b03b52f918c2064
ci	Validate local compose	﻿2026-09-08T04:16:11.1999657Z ##[group]Run docker compose -f docker-compose.dev.yml config --quiet
ci	Validate local compose	2026-09-08T04:16:11.2000219Z [36;1mdocker compose -f docker-compose.dev.yml config --quiet[0m
ci	Validate local compose	2026-09-08T04:16:11.2035074Z shell: /usr/bin/bash -e {0}
ci	Validate local compose	2026-09-08T04:16:11.2035471Z ##[endgroup]
ci	Validate Windows bootstrap syntax	﻿2026-09-08T04:16:14.1874932Z ##[group]Run $tokens = $null
ci	Validate Windows bootstrap syntax	2026-09-08T04:16:14.1875309Z [36;1m$tokens = $null[0m
ci	Validate Windows bootstrap syntax	2026-09-08T04:16:14.1875591Z [36;1m$errors = $null[0m
ci	Validate Windows bootstrap syntax	2026-09-08T04:16:14.1875983Z [36;1m[System.Management.Automation.Language.Parser]::ParseFile([0m
ci	Validate Windows bootstrap syntax	2026-09-08T04:16:14.1876434Z [36;1m  (Resolve-Path 'scripts/dev/bootstrap-local.ps1'),[0m
ci	Validate Windows bootstrap syntax	2026-09-08T04:16:14.1876826Z [36;1m  [ref]$tokens,[0m
ci	Validate Windows bootstrap syntax	2026-09-08T04:16:14.1877095Z [36;1m  [ref]$errors[0m
ci	Validate Windows bootstrap syntax	2026-09-08T04:16:14.1877372Z [36;1m) | Out-Null[0m
ci	Validate Windows bootstrap syntax	2026-09-08T04:16:14.1877705Z [36;1mif ($errors.Count -gt 0) {[0m
ci	Validate Windows bootstrap syntax	2026-09-08T04:16:14.1878075Z [36;1m  $errors | ForEach-Object { Write-Error $_.Message }[0m
ci	Validate Windows bootstrap syntax	2026-09-08T04:16:14.1878434Z [36;1m  exit 1[0m
ci	Validate Windows bootstrap syntax	2026-09-08T04:16:14.1878680Z [36;1m}[0m
ci	Validate Windows bootstrap syntax	2026-09-08T04:16:14.1904551Z shell: /usr/bin/pwsh -command ". '{0}'"
ci	Validate Windows bootstrap syntax	2026-09-08T04:16:14.1904951Z ##[endgroup]
ci	Install	﻿2026-09-08T04:16:15.1461003Z ##[group]Run npm ci
ci	Install	2026-09-08T04:16:15.1461288Z [36;1mnpm ci[0m
ci	Install	2026-09-08T04:16:15.1478589Z shell: /usr/bin/bash -e {0}
ci	Install	2026-09-08T04:16:15.1478935Z ##[endgroup]
ci	Install	2026-09-08T04:16:17.1689847Z npm warn deprecated inflight@1.0.6: This module is not supported, and leaks memory. Do not use it. Check out lru-cache if you want a good and tested way to coalesce async requests by a key value, which is much more comprehensive and powerful.
ci	Install	2026-09-08T04:16:17.1973749Z npm warn deprecated rimraf@2.7.1: Rimraf versions prior to v4 are no longer supported
ci	Install	2026-09-08T04:16:17.2592086Z npm warn deprecated glob@7.2.3: Old versions of glob are not supported, and contain widely publicized security vulnerabilities, which have been fixed in the current version. Please update. Support for old versions may be purchased (at exorbitant rates) by contacting i@izs.me
ci	Install	2026-09-08T04:16:17.2595584Z npm warn deprecated glob@7.2.3: Old versions of glob are not supported, and contain widely publicized security vulnerabilities, which have been fixed in the current version. Please update. Support for old versions may be purchased (at exorbitant rates) by contacting i@izs.me
ci	Install	2026-09-08T04:16:18.1831014Z npm warn deprecated glob@10.5.0: Old versions of glob are not supported, and contain widely publicized security vulnerabilities, which have been fixed in the current version. Please update. Support for old versions may be purchased (at exorbitant rates) by contacting i@izs.me
ci	Install	2026-09-08T04:16:18.1838987Z npm warn deprecated glob@10.5.0: Old versions of glob are not supported, and contain widely publicized security vulnerabilities, which have been fixed in the current version. Please update. Support for old versions may be purchased (at exorbitant rates) by contacting i@izs.me
ci	Install	2026-09-08T04:16:18.1870676Z npm warn deprecated glob@10.5.0: Old versions of glob are not supported, and contain widely publicized security vulnerabilities, which have been fixed in the current version. Please update. Support for old versions may be purchased (at exorbitant rates) by contacting i@izs.me
ci	Install	2026-09-08T04:16:20.4357422Z 
ci	Install	2026-09-08T04:16:20.4358576Z added 735 packages, and audited 736 packages in 5s
ci	Install	2026-09-08T04:16:20.4359059Z 
ci	Install	2026-09-08T04:16:20.4368050Z 164 packages are looking for funding
ci	Install	2026-09-08T04:16:20.4368779Z   run `npm fund` for details
ci	Install	2026-09-08T04:16:20.4401311Z 
ci	Install	2026-09-08T04:16:20.4402212Z 2 moderate severity vulnerabilities
ci	Install	2026-09-08T04:16:20.4402690Z 
ci	Install	2026-09-08T04:16:20.4403022Z To address all issues (including breaking changes), run:
ci	Install	2026-09-08T04:16:20.4403748Z   npm audit fix --force
ci	Install	2026-09-08T04:16:20.4403960Z 
ci	Install	2026-09-08T04:16:20.4404236Z Run `npm audit` for details.
ci	Install	2026-09-08T04:16:20.4435027Z npm warn install-scripts 2 packages have install scripts not yet covered by allowScripts:
ci	Install	2026-09-08T04:16:20.4448502Z npm warn install-scripts   @nestjs/core@11.1.18 (postinstall: opencollective || exit 0)
ci	Install	2026-09-08T04:16:20.4491219Z npm warn install-scripts   unrs-resolver@1.11.1 (postinstall: napi-postinstall unrs-resolver 1.11.1 check)
ci	Install	2026-09-08T04:16:20.4492457Z npm warn install-scripts
ci	Install	2026-09-08T04:16:20.4504769Z npm warn install-scripts Run `npm install-scripts ls` to review, or `npm install-scripts approve <pkg>` to allow.
ci	Production dependency audit	﻿2026-09-08T04:16:20.4828637Z ##[group]Run npm audit --omit=dev --audit-level=high
ci	Production dependency audit	2026-09-08T04:16:20.4829188Z [36;1mnpm audit --omit=dev --audit-level=high[0m
ci	Production dependency audit	2026-09-08T04:16:20.4856988Z shell: /usr/bin/bash -e {0}
ci	Production dependency audit	2026-09-08T04:16:20.4857462Z ##[endgroup]
ci	Production dependency audit	2026-09-08T04:16:20.9983112Z # npm audit report
ci	Production dependency audit	2026-09-08T04:16:20.9983789Z 
ci	Production dependency audit	2026-09-08T04:16:20.9984283Z fastify  <=5.12.0
ci	Production dependency audit	2026-09-08T04:16:20.9984837Z Severity: moderate
ci	Production dependency audit	2026-09-08T04:16:20.9986092Z fastify vulnerable to schema validation bypass via root primitive coercion mismatch - https://github.com/advisories/GHSA-w2qp-rph6-63g4
ci	Production dependency audit	2026-09-08T04:16:20.9987756Z fastify vulnerable to X-Forwarded-* spoofing under trustProxy hop-count - https://github.com/advisories/GHSA-3m5p-2c4r-xxw2
ci	Production dependency audit	2026-09-08T04:16:20.9990567Z fix available via `npm audit fix --force`
ci	Production dependency audit	2026-09-08T04:16:20.9991629Z Will install @nestjs/platform-fastify@12.0.1, which is a breaking change
ci	Production dependency audit	2026-09-08T04:16:20.9992463Z node_modules/fastify
ci	Production dependency audit	2026-09-08T04:16:20.9993121Z   @nestjs/platform-fastify  <=12.0.0-alpha.7
ci	Production dependency audit	2026-09-08T04:16:20.9994214Z   Depends on vulnerable versions of fastify
ci	Production dependency audit	2026-09-08T04:16:20.9994900Z   node_modules/@nestjs/platform-fastify
ci	Production dependency audit	2026-09-08T04:16:20.9995283Z 
ci	Production dependency audit	2026-09-08T04:16:20.9995633Z 2 moderate severity vulnerabilities
ci	Production dependency audit	2026-09-08T04:16:20.9996021Z 
ci	Production dependency audit	2026-09-08T04:16:20.9996440Z To address all issues (including breaking changes), run:
ci	Production dependency audit	2026-09-08T04:16:20.9997088Z   npm audit fix --force
ci	Build	﻿2026-09-08T04:16:21.0076558Z ##[group]Run npm run build
ci	Build	2026-09-08T04:16:21.0077110Z [36;1mnpm run build[0m
ci	Build	2026-09-08T04:16:21.0101935Z shell: /usr/bin/bash -e {0}
ci	Build	2026-09-08T04:16:21.0102464Z ##[endgroup]
ci	Build	2026-09-08T04:16:21.0934534Z 
ci	Build	2026-09-08T04:16:21.0935096Z > api@0.0.1 build
ci	Build	2026-09-08T04:16:21.0935688Z > nest build
ci	Build	2026-09-08T04:16:21.0935890Z 
ci	Lint check	﻿2026-09-08T04:16:23.5019070Z ##[group]Run npx eslint "{src,apps,libs,test}/**/*.ts"
ci	Lint check	2026-09-08T04:16:23.5019501Z [36;1mnpx eslint "{src,apps,libs,test}/**/*.ts"[0m
ci	Lint check	2026-09-08T04:16:23.5039985Z shell: /usr/bin/bash -e {0}
ci	Lint check	2026-09-08T04:16:23.5040373Z ##[endgroup]
ci	Unit tests	﻿2026-09-08T04:16:27.8945000Z ##[group]Run npm test -- --runInBand
ci	Unit tests	2026-09-08T04:16:27.8945367Z [36;1mnpm test -- --runInBand[0m
ci	Unit tests	2026-09-08T04:16:27.8965682Z shell: /usr/bin/bash -e {0}
ci	Unit tests	2026-09-08T04:16:27.8966054Z ##[endgroup]
ci	Unit tests	2026-09-08T04:16:28.0489934Z 
ci	Unit tests	2026-09-08T04:16:28.0490607Z > api@0.0.1 test
ci	Unit tests	2026-09-08T04:16:28.0491212Z > jest --runInBand
ci	Unit tests	2026-09-08T04:16:28.0491504Z 
ci	Unit tests	2026-09-08T04:16:28.7174735Z PASS src/common/logger/secrets-redaction.spec.ts
ci	Unit tests	2026-09-08T04:16:28.7820662Z PASS src/common/fiscal/canonicalization.spec.ts
ci	Unit tests	2026-09-08T04:16:28.8212764Z PASS src/modules/provider/fake-fiscal-provider.spec.ts
ci	Unit tests	2026-09-08T04:16:28.9030290Z [31m[Nest] 2770  - [39m09/08/2026, 4:16:28 AM [31m  ERROR[39m [38;5;3m[DatabaseService] [39m[31mPostgreSQL pool error: database connection dropped[39m
ci	Unit tests	2026-09-08T04:16:28.9040572Z PASS src/common/database/database.service.spec.ts
ci	Unit tests	2026-09-08T04:16:29.0253246Z PASS src/config/worker-env.validation.spec.ts
ci	Unit tests	2026-09-08T04:16:29.0262535Z 
ci	Unit tests	2026-09-08T04:16:29.0269589Z Test Suites: 5 passed, 5 total
ci	Unit tests	2026-09-08T04:16:29.0270341Z Tests:       11 passed, 11 total
ci	Unit tests	2026-09-08T04:16:29.0270873Z Snapshots:   0 total
ci	Unit tests	2026-09-08T04:16:29.0271274Z Time:        0.761 s
ci	Unit tests	2026-09-08T04:16:29.0271658Z Ran all test suites.
ci	Provider contract harness self-tests	﻿2026-09-08T04:16:29.1447263Z ##[group]Run timeout 30s npm run test:provider-contract-harness -- --verbose
ci	Provider contract harness self-tests	2026-09-08T04:16:29.1447796Z [36;1mtimeout 30s npm run test:provider-contract-harness -- --verbose[0m
ci	Provider contract harness self-tests	2026-09-08T04:16:29.1468473Z shell: /usr/bin/bash -e {0}
ci	Provider contract harness self-tests	2026-09-08T04:16:29.1468768Z ##[endgroup]
ci	Provider contract harness self-tests	2026-09-08T04:16:29.2300858Z 
ci	Provider contract harness self-tests	2026-09-08T04:16:29.2301493Z > api@0.0.1 test:provider-contract-harness
ci	Provider contract harness self-tests	2026-09-08T04:16:29.2302320Z > jest --config ./test/jest-provider-contract.json --runInBand --verbose
ci	Provider contract harness self-tests	2026-09-08T04:16:29.2304003Z 
ci	Provider contract harness self-tests	2026-09-08T04:16:29.8004338Z PASS test/provider-contract/provider-contract-harness.spec.ts
ci	Provider contract harness self-tests	2026-09-08T04:16:29.8006531Z   provider contract evidence harness
ci	Provider contract harness self-tests	2026-09-08T04:16:29.8008410Z     ✓ executes an evidence-backed conclusive submit case (2 ms)
ci	Provider contract harness self-tests	2026-09-08T04:16:29.8009242Z     ✓ rejects PROVEN_NOT_SENT without explicit evidence-backed proof (7 ms)
ci	Provider contract harness self-tests	2026-09-08T04:16:29.8009891Z     ✓ allows PROVEN_NOT_SENT only when its proof references known evidence (1 ms)
ci	Provider contract harness self-tests	2026-09-08T04:16:29.8010532Z     ✓ rejects NOT_FOUND_CONCLUSIVE without explicit conclusive-not-found proof (1 ms)
ci	Provider contract harness self-tests	2026-09-08T04:16:29.8011247Z     ✓ verifies sanitized artifact integrity by content type, size and SHA-256
ci	Provider contract harness self-tests	2026-09-08T04:16:29.8012239Z     ✓ rejects fixtures with no evidence before arranging transport
ci	Provider contract harness self-tests	2026-09-08T04:16:29.8012543Z 
ci	Provider contract harness self-tests	2026-09-08T04:16:29.8024362Z Test Suites: 1 passed, 1 total
ci	Provider contract harness self-tests	2026-09-08T04:16:29.8024827Z Tests:       6 passed, 6 total
ci	Provider contract harness self-tests	2026-09-08T04:16:29.8025268Z Snapshots:   0 total
ci	Provider contract harness self-tests	2026-09-08T04:16:29.8025690Z Time:        0.355 s
ci	Provider contract harness self-tests	2026-09-08T04:16:29.8026027Z Ran all test suites.
ci	Apply migrations and provision test identities	﻿2026-09-08T04:16:29.8170953Z ##[group]Run for migration in supabase/migrations/*.sql; do
ci	Apply migrations and provision test identities	2026-09-08T04:16:29.8171434Z [36;1mfor migration in supabase/migrations/*.sql; do[0m
ci	Apply migrations and provision test identities	2026-09-08T04:16:29.8171847Z [36;1m  if [ -s "$migration" ]; then[0m
ci	Apply migrations and provision test identities	2026-09-08T04:16:29.8172153Z [36;1m    echo "Applying $migration"[0m
ci	Apply migrations and provision test identities	2026-09-08T04:16:29.8172532Z [36;1m    psql -h localhost -U postgres -d ci -v ON_ERROR_STOP=1 -f "$migration"[0m
ci	Apply migrations and provision test identities	2026-09-08T04:16:29.8172910Z [36;1m  fi[0m
ci	Apply migrations and provision test identities	2026-09-08T04:16:29.8173150Z [36;1mdone[0m
ci	Apply migrations and provision test identities	2026-09-08T04:16:29.8173481Z [36;1mpsql -h localhost -U postgres -d ci -v ON_ERROR_STOP=1 \[0m
ci	Apply migrations and provision test identities	2026-09-08T04:16:29.8174378Z [36;1m  -f scripts/introspection/verify-f6-core.sql[0m
ci	Apply migrations and provision test identities	2026-09-08T04:16:29.8174761Z [36;1mpsql -h localhost -U postgres -d ci -v ON_ERROR_STOP=1 \[0m
ci	Apply migrations and provision test identities	2026-09-08T04:16:29.8175173Z [36;1m  -f scripts/introspection/verify-f6-behavior.sql[0m
ci	Apply migrations and provision test identities	2026-09-08T04:16:29.8175560Z [36;1mpsql -h localhost -U postgres -d ci -v ON_ERROR_STOP=1 \[0m
ci	Apply migrations and provision test identities	2026-09-08T04:16:29.8175991Z [36;1m  --set=api_password=ci-local-api-2026 \[0m
ci	Apply migrations and provision test identities	2026-09-08T04:16:29.8176420Z [36;1m  --set=worker_password=ci-local-worker-2026 \[0m
ci	Apply migrations and provision test identities	2026-09-08T04:16:29.8176814Z [36;1m  --set=ops_password=ci-local-ops-2026 \[0m
ci	Apply migrations and provision test identities	2026-09-08T04:16:29.8177151Z [36;1m  -f scripts/dev/provision-local-runtime.sql[0m
ci	Apply migrations and provision test identities	2026-09-08T04:16:29.8177544Z [36;1mpsql -h localhost -U postgres -d ci -v ON_ERROR_STOP=1 \[0m
ci	Apply migrations and provision test identities	2026-09-08T04:16:29.8177927Z [36;1m  -f scripts/introspection/verify-local-runtime.sql[0m
ci	Apply migrations and provision test identities	2026-09-08T04:16:29.8178348Z [36;1mpsql -h localhost -U postgres -d ci -v ON_ERROR_STOP=1 \[0m
ci	Apply migrations and provision test identities	2026-09-08T04:16:29.8178735Z [36;1m  -f scripts/introspection/provision-f6b-ci.sql[0m
ci	Apply migrations and provision test identities	2026-09-08T04:16:29.8197520Z shell: /usr/bin/bash -e {0}
ci	Apply migrations and provision test identities	2026-09-08T04:16:29.8197827Z env:
ci	Apply migrations and provision test identities	2026-09-08T04:16:29.8198091Z   PGPASSWORD: postgres
ci	Apply migrations and provision test identities	2026-09-08T04:16:29.8198350Z ##[endgroup]
ci	Apply migrations and provision test identities	2026-09-08T04:16:29.8234816Z Applying supabase/migrations/20260819041000_create_f6_core_schema.sql
ci	Apply migrations and provision test identities	2026-09-08T04:16:29.9048678Z DO
ci	Apply migrations and provision test identities	2026-09-08T04:16:29.9053417Z CREATE SCHEMA
ci	Apply migrations and provision test identities	2026-09-08T04:16:29.9056392Z REVOKE
ci	Apply migrations and provision test identities	2026-09-08T04:16:29.9061703Z GRANT
ci	Apply migrations and provision test identities	2026-09-08T04:16:29.9069199Z CREATE FUNCTION
ci	Apply migrations and provision test identities	2026-09-08T04:16:29.9073250Z REVOKE
ci	Apply migrations and provision test identities	2026-09-08T04:16:29.9076730Z GRANT
ci	Apply migrations and provision test identities	2026-09-08T04:16:29.9420917Z CREATE TABLE
ci	Apply migrations and provision test identities	2026-09-08T04:16:29.9456315Z CREATE TABLE
ci	Apply migrations and provision test identities	2026-09-08T04:16:29.9498145Z CREATE TABLE
ci	Apply migrations and provision test identities	2026-09-08T04:16:29.9540808Z CREATE TABLE
ci	Apply migrations and provision test identities	2026-09-08T04:16:29.9551157Z CREATE INDEX
ci	Apply migrations and provision test identities	2026-09-08T04:16:29.9583009Z CREATE TABLE
ci	Apply migrations and provision test identities	2026-09-08T04:16:29.9594247Z CREATE INDEX
ci	Apply migrations and provision test identities	2026-09-08T04:16:29.9604898Z CREATE INDEX
ci	Apply migrations and provision test identities	2026-09-08T04:16:29.9635790Z CREATE TABLE
ci	Apply migrations and provision test identities	2026-09-08T04:16:29.9665728Z CREATE TABLE
ci	Apply migrations and provision test identities	2026-09-08T04:16:29.9694341Z CREATE TABLE
ci	Apply migrations and provision test identities	2026-09-08T04:16:29.9714902Z CREATE TABLE
ci	Apply migrations and provision test identities	2026-09-08T04:16:29.9719815Z INSERT 0 1
ci	Apply migrations and provision test identities	2026-09-08T04:16:29.9724881Z CREATE FUNCTION
ci	Apply migrations and provision test identities	2026-09-08T04:16:29.9728540Z REVOKE
ci	Apply migrations and provision test identities	2026-09-08T04:16:29.9732952Z GRANT
ci	Apply migrations and provision test identities	2026-09-08T04:16:29.9740000Z CREATE FUNCTION
ci	Apply migrations and provision test identities	2026-09-08T04:16:29.9743868Z REVOKE
ci	Apply migrations and provision test identities	2026-09-08T04:16:29.9747226Z GRANT
ci	Apply migrations and provision test identities	2026-09-08T04:16:29.9752345Z CREATE FUNCTION
ci	Apply migrations and provision test identities	2026-09-08T04:16:29.9756132Z CREATE TRIGGER
ci	Apply migrations and provision test identities	2026-09-08T04:16:29.9761461Z CREATE FUNCTION
ci	Apply migrations and provision test identities	2026-09-08T04:16:29.9765226Z CREATE TRIGGER
ci	Apply migrations and provision test identities	2026-09-08T04:16:29.9770026Z CREATE FUNCTION
ci	Apply migrations and provision test identities	2026-09-08T04:16:29.9773442Z CREATE TRIGGER
ci	Apply migrations and provision test identities	2026-09-08T04:16:29.9778319Z ALTER TABLE
ci	Apply migrations and provision test identities	2026-09-08T04:16:29.9781947Z ALTER TABLE
ci	Apply migrations and provision test identities	2026-09-08T04:16:29.9785842Z ALTER TABLE
ci	Apply migrations and provision test identities	2026-09-08T04:16:29.9789107Z ALTER TABLE
ci	Apply migrations and provision test identities	2026-09-08T04:16:29.9792190Z ALTER TABLE
ci	Apply migrations and provision test identities	2026-09-08T04:16:29.9795680Z ALTER TABLE
ci	Apply migrations and provision test identities	2026-09-08T04:16:29.9798752Z ALTER TABLE
ci	Apply migrations and provision test identities	2026-09-08T04:16:29.9802428Z ALTER TABLE
ci	Apply migrations and provision test identities	2026-09-08T04:16:29.9805627Z ALTER TABLE
ci	Apply migrations and provision test identities	2026-09-08T04:16:29.9810231Z ALTER TABLE
ci	Apply migrations and provision test identities	2026-09-08T04:16:29.9813325Z ALTER TABLE
ci	Apply migrations and provision test identities	2026-09-08T04:16:29.9816963Z ALTER TABLE
ci	Apply migrations and provision test identities	2026-09-08T04:16:29.9820219Z ALTER TABLE
ci	Apply migrations and provision test identities	2026-09-08T04:16:29.9823722Z ALTER TABLE
ci	Apply migrations and provision test identities	2026-09-08T04:16:29.9829391Z CREATE POLICY
ci	Apply migrations and provision test identities	2026-09-08T04:16:29.9833997Z CREATE POLICY
ci	Apply migrations and provision test identities	2026-09-08T04:16:29.9837457Z CREATE POLICY
ci	Apply migrations and provision test identities	2026-09-08T04:16:29.9840861Z CREATE POLICY
ci	Apply migrations and provision test identities	2026-09-08T04:16:29.9845365Z CREATE POLICY
ci	Apply migrations and provision test identities	2026-09-08T04:16:29.9848979Z CREATE POLICY
ci	Apply migrations and provision test identities	2026-09-08T04:16:29.9853319Z CREATE POLICY
ci	Apply migrations and provision test identities	2026-09-08T04:16:29.9857878Z CREATE POLICY
ci	Apply migrations and provision test identities	2026-09-08T04:16:29.9861775Z CREATE POLICY
ci	Apply migrations and provision test identities	2026-09-08T04:16:29.9865877Z CREATE POLICY
ci	Apply migrations and provision test identities	2026-09-08T04:16:29.9873282Z REVOKE
ci	Apply migrations and provision test identities	2026-09-08T04:16:29.9876865Z GRANT
ci	Apply migrations and provision test identities	2026-09-08T04:16:29.9879833Z GRANT
ci	Apply migrations and provision test identities	2026-09-08T04:16:29.9882655Z GRANT
ci	Apply migrations and provision test identities	2026-09-08T04:16:29.9885295Z GRANT
ci	Apply migrations and provision test identities	2026-09-08T04:16:29.9888235Z GRANT
ci	Apply migrations and provision test identities	2026-09-08T04:16:29.9891269Z GRANT
ci	Apply migrations and provision test identities	2026-09-08T04:16:29.9894441Z GRANT
ci	Apply migrations and provision test identities	2026-09-08T04:16:29.9898382Z GRANT
ci	Apply migrations and provision test identities	2026-09-08T04:16:29.9901096Z GRANT
ci	Apply migrations and provision test identities	2026-09-08T04:16:29.9904068Z GRANT
ci	Apply migrations and provision test identities	2026-09-08T04:16:29.9907184Z REVOKE
ci	Apply migrations and provision test identities	2026-09-08T04:16:29.9912127Z COMMENT
ci	Apply migrations and provision test identities	2026-09-08T04:16:29.9915848Z COMMENT
ci	Apply migrations and provision test identities	2026-09-08T04:16:29.9925473Z Applying supabase/migrations/20260819042000_harden_f6_runtime_roles.sql
ci	Apply migrations and provision test identities	2026-09-08T04:16:30.0211974Z REVOKE
ci	Apply migrations and provision test identities	2026-09-08T04:16:30.0216179Z REVOKE
ci	Apply migrations and provision test identities	2026-09-08T04:16:30.0221360Z ALTER SCHEMA
ci	Apply migrations and provision test identities	2026-09-08T04:16:30.0229191Z ALTER TABLE
ci	Apply migrations and provision test identities	2026-09-08T04:16:30.0234348Z ALTER TABLE
ci	Apply migrations and provision test identities	2026-09-08T04:16:30.0240016Z ALTER TABLE
ci	Apply migrations and provision test identities	2026-09-08T04:16:30.0247947Z ALTER TABLE
ci	Apply migrations and provision test identities	2026-09-08T04:16:30.0253832Z ALTER TABLE
ci	Apply migrations and provision test identities	2026-09-08T04:16:30.0258972Z ALTER TABLE
ci	Apply migrations and provision test identities	2026-09-08T04:16:30.0263777Z ALTER TABLE
ci	Apply migrations and provision test identities	2026-09-08T04:16:30.0269237Z ALTER TABLE
ci	Apply migrations and provision test identities	2026-09-08T04:16:30.0274213Z ALTER TABLE
ci	Apply migrations and provision test identities	2026-09-08T04:16:30.0278422Z ALTER FUNCTION
ci	Apply migrations and provision test identities	2026-09-08T04:16:30.0281323Z ALTER FUNCTION
ci	Apply migrations and provision test identities	2026-09-08T04:16:30.0285067Z ALTER FUNCTION
ci	Apply migrations and provision test identities	2026-09-08T04:16:30.0288774Z ALTER FUNCTION
ci	Apply migrations and provision test identities	2026-09-08T04:16:30.0292166Z ALTER FUNCTION
ci	Apply migrations and provision test identities	2026-09-08T04:16:30.0295121Z ALTER FUNCTION
ci	Apply migrations and provision test identities	2026-09-08T04:16:30.0296000Z ALTER DEFAULT PRIVILEGES
ci	Apply migrations and provision test identities	2026-09-08T04:16:30.0296583Z ALTER DEFAULT PRIVILEGES
ci	Apply migrations and provision test identities	2026-09-08T04:16:30.0301890Z COMMENT
ci	Apply migrations and provision test identities	2026-09-08T04:16:30.0306217Z COMMENT
ci	Apply migrations and provision test identities	2026-09-08T04:16:30.0308721Z COMMENT
ci	Apply migrations and provision test identities	2026-09-08T04:16:30.0318912Z Applying supabase/migrations/20260819043000_guard_proven_not_sent_retry.sql
ci	Apply migrations and provision test identities	2026-09-08T04:16:30.0597730Z CREATE FUNCTION
ci	Apply migrations and provision test identities	2026-09-08T04:16:30.0600029Z ALTER FUNCTION
ci	Apply migrations and provision test identities	2026-09-08T04:16:30.0608507Z COMMENT
ci	Apply migrations and provision test identities	2026-09-08T04:16:30.0614219Z Applying supabase/migrations/20260819121500_add_ops_readonly_role.sql
ci	Apply migrations and provision test identities	2026-09-08T04:16:30.0887561Z DO
ci	Apply migrations and provision test identities	2026-09-08T04:16:30.0892403Z REVOKE
ci	Apply migrations and provision test identities	2026-09-08T04:16:30.0897018Z GRANT
ci	Apply migrations and provision test identities	2026-09-08T04:16:30.0928393Z CREATE TABLE
ci	Apply migrations and provision test identities	2026-09-08T04:16:30.0934101Z ALTER TABLE
ci	Apply migrations and provision test identities	2026-09-08T04:16:30.0939138Z REVOKE
ci	Apply migrations and provision test identities	2026-09-08T04:16:30.0946022Z CREATE FUNCTION
ci	Apply migrations and provision test identities	2026-09-08T04:16:30.0950828Z ALTER FUNCTION
ci	Apply migrations and provision test identities	2026-09-08T04:16:30.0954620Z REVOKE
ci	Apply migrations and provision test identities	2026-09-08T04:16:30.0956989Z psql:supabase/migrations/20260819121500_add_ops_readonly_role.sql:78: NOTICE:  trigger "runtime_controls_audit_update" for relation "app.runtime_controls" does not exist, skipping
ci	Apply migrations and provision test identities	2026-09-08T04:16:30.0957835Z DROP TRIGGER
ci	Apply migrations and provision test identities	2026-09-08T04:16:30.0961512Z CREATE TRIGGER
ci	Apply migrations and provision test identities	2026-09-08T04:16:30.0969742Z INSERT 0 1
ci	Apply migrations and provision test identities	2026-09-08T04:16:30.0980026Z REVOKE
ci	Apply migrations and provision test identities	2026-09-08T04:16:30.0991260Z REVOKE
ci	Apply migrations and provision test identities	2026-09-08T04:16:30.0997331Z GRANT
ci	Apply migrations and provision test identities	2026-09-08T04:16:30.1002617Z GRANT
ci	Apply migrations and provision test identities	2026-09-08T04:16:30.1007756Z GRANT
ci	Apply migrations and provision test identities	2026-09-08T04:16:30.1013137Z GRANT
ci	Apply migrations and provision test identities	2026-09-08T04:16:30.1016925Z GRANT
ci	Apply migrations and provision test identities	2026-09-08T04:16:30.1020267Z GRANT
ci	Apply migrations and provision test identities	2026-09-08T04:16:30.1025189Z GRANT
ci	Apply migrations and provision test identities	2026-09-08T04:16:30.1030145Z COMMENT
ci	Apply migrations and provision test identities	2026-09-08T04:16:30.1034255Z COMMENT
ci	Apply migrations and provision test identities	2026-09-08T04:16:30.1038912Z COMMENT
ci	Apply migrations and provision test identities	2026-09-08T04:16:30.1042706Z COMMENT
ci	Apply migrations and provision test identities	2026-09-08T04:16:30.1048963Z Applying supabase/migrations/20260907010000_create_webhooks_schema.sql
ci	Apply migrations and provision test identities	2026-09-08T04:16:30.1365667Z CREATE TABLE
ci	Apply migrations and provision test identities	2026-09-08T04:16:30.1369459Z COMMENT
ci	Apply migrations and provision test identities	2026-09-08T04:16:30.1415258Z CREATE TABLE
ci	Apply migrations and provision test identities	2026-09-08T04:16:30.1426584Z CREATE INDEX
ci	Apply migrations and provision test identities	2026-09-08T04:16:30.1437149Z CREATE INDEX
ci	Apply migrations and provision test identities	2026-09-08T04:16:30.1472250Z CREATE TABLE
ci	Apply migrations and provision test identities	2026-09-08T04:16:30.1482917Z CREATE INDEX
ci	Apply migrations and provision test identities	2026-09-08T04:16:30.1490227Z CREATE FUNCTION
ci	Apply migrations and provision test identities	2026-09-08T04:16:30.1493882Z REVOKE
ci	Apply migrations and provision test identities	2026-09-08T04:16:30.1497844Z GRANT
ci	Apply migrations and provision test identities	2026-09-08T04:16:30.1507331Z CREATE FUNCTION
ci	Apply migrations and provision test identities	2026-09-08T04:16:30.1511044Z CREATE TRIGGER
ci	Apply migrations and provision test identities	2026-09-08T04:16:30.1515868Z ALTER TABLE
ci	Apply migrations and provision test identities	2026-09-08T04:16:30.1521074Z ALTER TABLE
ci	Apply migrations and provision test identities	2026-09-08T04:16:30.1525834Z ALTER TABLE
ci	Apply migrations and provision test identities	2026-09-08T04:16:30.1528954Z ALTER FUNCTION
ci	Apply migrations and provision test identities	2026-09-08T04:16:30.1531416Z ALTER FUNCTION
ci	Apply migrations and provision test identities	2026-09-08T04:16:30.1534816Z ALTER TABLE
ci	Apply migrations and provision test identities	2026-09-08T04:16:30.1537876Z ALTER TABLE
ci	Apply migrations and provision test identities	2026-09-08T04:16:30.1540922Z ALTER TABLE
ci	Apply migrations and provision test identities	2026-09-08T04:16:30.1544433Z ALTER TABLE
ci	Apply migrations and provision test identities	2026-09-08T04:16:30.1547579Z ALTER TABLE
ci	Apply migrations and provision test identities	2026-09-08T04:16:30.1552489Z ALTER TABLE
ci	Apply migrations and provision test identities	2026-09-08T04:16:30.1558935Z CREATE POLICY
ci	Apply migrations and provision test identities	2026-09-08T04:16:30.1563556Z CREATE POLICY
ci	Apply migrations and provision test identities	2026-09-08T04:16:30.1567272Z CREATE POLICY
ci	Apply migrations and provision test identities	2026-09-08T04:16:30.1570786Z CREATE POLICY
ci	Apply migrations and provision test identities	2026-09-08T04:16:30.1574812Z CREATE POLICY
ci	Apply migrations and provision test identities	2026-09-08T04:16:30.1578530Z CREATE POLICY
ci	Apply migrations and provision test identities	2026-09-08T04:16:30.1581715Z REVOKE
ci	Apply migrations and provision test identities	2026-09-08T04:16:30.1584881Z REVOKE
ci	Apply migrations and provision test identities	2026-09-08T04:16:30.1587719Z REVOKE
ci	Apply migrations and provision test identities	2026-09-08T04:16:30.1590469Z GRANT
ci	Apply migrations and provision test identities	2026-09-08T04:16:30.1593224Z GRANT
ci	Apply migrations and provision test identities	2026-09-08T04:16:30.1596807Z GRANT
ci	Apply migrations and provision test identities	2026-09-08T04:16:30.1599258Z GRANT
ci	Apply migrations and provision test identities	2026-09-08T04:16:30.1603040Z GRANT
ci	Apply migrations and provision test identities	2026-09-08T04:16:30.1606366Z GRANT
ci	Apply migrations and provision test identities	2026-09-08T04:16:30.1607534Z ALTER DEFAULT PRIVILEGES
ci	Apply migrations and provision test identities	2026-09-08T04:16:30.1611222Z COMMENT
ci	Apply migrations and provision test identities	2026-09-08T04:16:30.1614384Z COMMENT
ci	Apply migrations and provision test identities	2026-09-08T04:16:30.1888956Z DO
ci	Apply migrations and provision test identities	2026-09-08T04:16:30.1892916Z DO
ci	Apply migrations and provision test identities	2026-09-08T04:16:30.1902994Z DO
ci	Apply migrations and provision test identities	2026-09-08T04:16:30.1908538Z DO
ci	Apply migrations and provision test identities	2026-09-08T04:16:30.1912588Z DO
ci	Apply migrations and provision test identities	2026-09-08T04:16:30.1916234Z DO
ci	Apply migrations and provision test identities	2026-09-08T04:16:30.1920956Z DO
ci	Apply migrations and provision test identities	2026-09-08T04:16:30.1928677Z DO
ci	Apply migrations and provision test identities	2026-09-08T04:16:30.1934664Z DO
ci	Apply migrations and provision test identities	2026-09-08T04:16:30.1935414Z               result              
ci	Apply migrations and provision test identities	2026-09-08T04:16:30.1936386Z ----------------------------------
ci	Apply migrations and provision test identities	2026-09-08T04:16:30.1937216Z  F6 core schema verification PASS
ci	Apply migrations and provision test identities	2026-09-08T04:16:30.1938469Z (1 row)
ci	Apply migrations and provision test identities	2026-09-08T04:16:30.1948064Z 
ci	Apply migrations and provision test identities	2026-09-08T04:16:30.2214029Z INSERT 0 2
ci	Apply migrations and provision test identities	2026-09-08T04:16:30.2217434Z INSERT 0 2
ci	Apply migrations and provision test identities	2026-09-08T04:16:30.2226924Z INSERT 0 2
ci	Apply migrations and provision test identities	2026-09-08T04:16:30.2227602Z BEGIN
ci	Apply migrations and provision test identities	2026-09-08T04:16:30.2229156Z SET
ci	Apply migrations and provision test identities	2026-09-08T04:16:30.2232161Z               set_config              
ci	Apply migrations and provision test identities	2026-09-08T04:16:30.2232751Z --------------------------------------
ci	Apply migrations and provision test identities	2026-09-08T04:16:30.2233072Z  00000000-0000-4000-8000-000000000001
ci	Apply migrations and provision test identities	2026-09-08T04:16:30.2233421Z (1 row)
ci	Apply migrations and provision test identities	2026-09-08T04:16:30.2233553Z 
ci	Apply migrations and provision test identities	2026-09-08T04:16:30.2241336Z DO
ci	Apply migrations and provision test identities	2026-09-08T04:16:30.2242702Z RESET
ci	Apply migrations and provision test identities	2026-09-08T04:16:30.2245976Z COMMIT
ci	Apply migrations and provision test identities	2026-09-08T04:16:30.2246508Z BEGIN
ci	Apply migrations and provision test identities	2026-09-08T04:16:30.2246973Z SET
ci	Apply migrations and provision test identities	2026-09-08T04:16:30.2249397Z               set_config              
ci	Apply migrations and provision test identities	2026-09-08T04:16:30.2250021Z --------------------------------------
ci	Apply migrations and provision test identities	2026-09-08T04:16:30.2250485Z  00000000-0000-4000-8000-000000000001
ci	Apply migrations and provision test identities	2026-09-08T04:16:30.2250940Z (1 row)
ci	Apply migrations and provision test identities	2026-09-08T04:16:30.2251094Z 
ci	Apply migrations and provision test identities	2026-09-08T04:16:30.2252904Z DO
ci	Apply migrations and provision test identities	2026-09-08T04:16:30.2260340Z DO
ci	Apply migrations and provision test identities	2026-09-08T04:16:30.2264373Z UPDATE 1
ci	Apply migrations and provision test identities	2026-09-08T04:16:30.2265608Z RESET
ci	Apply migrations and provision test identities	2026-09-08T04:16:30.2269258Z COMMIT
ci	Apply migrations and provision test identities	2026-09-08T04:16:30.2271013Z SET
ci	Apply migrations and provision test identities	2026-09-08T04:16:30.2286434Z DO
ci	Apply migrations and provision test identities	2026-09-08T04:16:30.2287354Z RESET
ci	Apply migrations and provision test identities	2026-09-08T04:16:30.2289542Z              result              
ci	Apply migrations and provision test identities	2026-09-08T04:16:30.2290350Z ---------------------------------
ci	Apply migrations and provision test identities	2026-09-08T04:16:30.2291023Z  F6 behavioral verification PASS
ci	Apply migrations and provision test identities	2026-09-08T04:16:30.2291651Z (1 row)
ci	Apply migrations and provision test identities	2026-09-08T04:16:30.2292017Z 
ci	Apply migrations and provision test identities	2026-09-08T04:16:30.2582363Z CREATE ROLE
ci	Apply migrations and provision test identities	2026-09-08T04:16:30.2612897Z ALTER ROLE
ci	Apply migrations and provision test identities	2026-09-08T04:16:30.2615953Z psql:scripts/dev/provision-local-runtime.sql:31: WARNING:  role "api_dian_dev" is not a member of role "app_worker"
ci	Apply migrations and provision test identities	2026-09-08T04:16:30.2616948Z psql:scripts/dev/provision-local-runtime.sql:31: WARNING:  role "api_dian_dev" is not a member of role "app_ops"
ci	Apply migrations and provision test identities	2026-09-08T04:16:30.2619819Z psql:scripts/dev/provision-local-runtime.sql:31: WARNING:  role "api_dian_dev" is not a member of role "app_ops_control"
ci	Apply migrations and provision test identities	2026-09-08T04:16:30.2620312Z REVOKE ROLE
ci	Apply migrations and provision test identities	2026-09-08T04:16:30.2620934Z psql:scripts/dev/provision-local-runtime.sql:31: WARNING:  role "api_dian_dev" is not a member of role "app_migrator"
ci	Apply migrations and provision test identities	2026-09-08T04:16:30.2626216Z GRANT ROLE
ci	Apply migrations and provision test identities	2026-09-08T04:16:30.2658012Z CREATE ROLE
ci	Apply migrations and provision test identities	2026-09-08T04:16:30.2688503Z ALTER ROLE
ci	Apply migrations and provision test identities	2026-09-08T04:16:30.2690762Z psql:scripts/dev/provision-local-runtime.sql:46: WARNING:  role "api_dian_worker_dev" is not a member of role "app_api"
ci	Apply migrations and provision test identities	2026-09-08T04:16:30.2692072Z psql:scripts/dev/provision-local-runtime.sql:46: WARNING:  role "api_dian_worker_dev" is not a member of role "app_ops"
ci	Apply migrations and provision test identities	2026-09-08T04:16:30.2692750Z REVOKE ROLE
ci	Apply migrations and provision test identities	2026-09-08T04:16:30.2694049Z psql:scripts/dev/provision-local-runtime.sql:46: WARNING:  role "api_dian_worker_dev" is not a member of role "app_ops_control"
ci	Apply migrations and provision test identities	2026-09-08T04:16:30.2695780Z psql:scripts/dev/provision-local-runtime.sql:46: WARNING:  role "api_dian_worker_dev" is not a member of role "app_migrator"
ci	Apply migrations and provision test identities	2026-09-08T04:16:30.2696784Z GRANT ROLE
ci	Apply migrations and provision test identities	2026-09-08T04:16:30.2726059Z CREATE ROLE
ci	Apply migrations and provision test identities	2026-09-08T04:16:30.2755322Z ALTER ROLE
ci	Apply migrations and provision test identities	2026-09-08T04:16:30.2757384Z psql:scripts/dev/provision-local-runtime.sql:61: WARNING:  role "api_dian_ops_dev" is not a member of role "app_api"
ci	Apply migrations and provision test identities	2026-09-08T04:16:30.2758275Z psql:scripts/dev/provision-local-runtime.sql:61: WARNING:  role "api_dian_ops_dev" is not a member of role "app_worker"
ci	Apply migrations and provision test identities	2026-09-08T04:16:30.2760478Z psql:scripts/dev/provision-local-runtime.sql:61: WARNING:  role "api_dian_ops_dev" is not a member of role "app_migrator"
ci	Apply migrations and provision test identities	2026-09-08T04:16:30.2761002Z REVOKE ROLE
ci	Apply migrations and provision test identities	2026-09-08T04:16:30.2764048Z GRANT ROLE
ci	Apply migrations and provision test identities	2026-09-08T04:16:30.2767490Z        rolname       | rolsuper | rolcreatedb | rolcreaterole | rolbypassrls 
ci	Apply migrations and provision test identities	2026-09-08T04:16:30.2768152Z ---------------------+----------+-------------+---------------+--------------
ci	Apply migrations and provision test identities	2026-09-08T04:16:30.2768654Z  api_dian_dev        | f        | f           | f             | f
ci	Apply migrations and provision test identities	2026-09-08T04:16:30.2769083Z  api_dian_ops_dev    | f        | f           | f             | f
ci	Apply migrations and provision test identities	2026-09-08T04:16:30.2769488Z  api_dian_worker_dev | f        | f           | f             | f
ci	Apply migrations and provision test identities	2026-09-08T04:16:30.2769844Z (3 rows)
ci	Apply migrations and provision test identities	2026-09-08T04:16:30.2769960Z 
ci	Apply migrations and provision test identities	2026-09-08T04:16:30.3040693Z DO
ci	Apply migrations and provision test identities	2026-09-08T04:16:30.3044384Z DO
ci	Apply migrations and provision test identities	2026-09-08T04:16:30.3047811Z DO
ci	Apply migrations and provision test identities	2026-09-08T04:16:30.3049712Z                 result                
ci	Apply migrations and provision test identities	2026-09-08T04:16:30.3050472Z --------------------------------------
ci	Apply migrations and provision test identities	2026-09-08T04:16:30.3051042Z  Local runtime role verification PASS
ci	Apply migrations and provision test identities	2026-09-08T04:16:30.3051353Z (1 row)
ci	Apply migrations and provision test identities	2026-09-08T04:16:30.3051497Z 
ci	Apply migrations and provision test identities	2026-09-08T04:16:30.3400891Z DO
ci	Apply migrations and provision test identities	2026-09-08T04:16:30.3405822Z GRANT ROLE
ci	Apply migrations and provision test identities	2026-09-08T04:16:30.3412163Z INSERT 0 2
ci	Apply migrations and provision test identities	2026-09-08T04:16:30.3420192Z INSERT 0 1
ci	Apply migrations and provision test identities	2026-09-08T04:16:30.3425378Z INSERT 0 1
ci	Apply migrations and provision test identities	2026-09-08T04:16:30.3432513Z INSERT 0 1
ci	Apply migrations and provision test identities	2026-09-08T04:16:30.3451283Z UPDATE 1
ci	Kill-switch control as constrained ops login	﻿2026-09-08T04:16:30.3475232Z ##[group]Run psql -h localhost -U ci_ops -d ci -v ON_ERROR_STOP=1 <<'SQL'
ci	Kill-switch control as constrained ops login	2026-09-08T04:16:30.3475723Z [36;1mpsql -h localhost -U ci_ops -d ci -v ON_ERROR_STOP=1 <<'SQL'[0m
ci	Kill-switch control as constrained ops login	2026-09-08T04:16:30.3476142Z [36;1mBEGIN;[0m
ci	Kill-switch control as constrained ops login	2026-09-08T04:16:30.3476464Z [36;1mSET LOCAL ROLE app_ops_control;[0m
ci	Kill-switch control as constrained ops login	2026-09-08T04:16:30.3476761Z [36;1mUPDATE app.runtime_controls[0m
ci	Kill-switch control as constrained ops login	2026-09-08T04:16:30.3477053Z [36;1mSET reason = 'CI ops control check',[0m
ci	Kill-switch control as constrained ops login	2026-09-08T04:16:30.3477368Z [36;1m    updated_at = now(),[0m
ci	Kill-switch control as constrained ops login	2026-09-08T04:16:30.3477689Z [36;1m    updated_by = session_user[0m
ci	Kill-switch control as constrained ops login	2026-09-08T04:16:30.3477987Z [36;1mWHERE singleton_id = 1;[0m
ci	Kill-switch control as constrained ops login	2026-09-08T04:16:30.3478248Z [36;1mCOMMIT;[0m
ci	Kill-switch control as constrained ops login	2026-09-08T04:16:30.3478462Z [36;1mSQL[0m
ci	Kill-switch control as constrained ops login	2026-09-08T04:16:30.3495734Z shell: /usr/bin/bash -e {0}
ci	Kill-switch control as constrained ops login	2026-09-08T04:16:30.3496020Z env:
ci	Kill-switch control as constrained ops login	2026-09-08T04:16:30.3496261Z   PGPASSWORD: ci_ops
ci	Kill-switch control as constrained ops login	2026-09-08T04:16:30.3496553Z ##[endgroup]
ci	Kill-switch control as constrained ops login	2026-09-08T04:16:30.3797241Z BEGIN
ci	Kill-switch control as constrained ops login	2026-09-08T04:16:30.3798834Z SET
ci	Kill-switch control as constrained ops login	2026-09-08T04:16:30.3815913Z UPDATE 1
ci	Kill-switch control as constrained ops login	2026-09-08T04:16:30.3824660Z COMMIT
ci	Operational report as constrained ops login	﻿2026-09-08T04:16:30.3856081Z ##[group]Run psql -h localhost -U ci_ops -d ci -v ON_ERROR_STOP=1 \
ci	Operational report as constrained ops login	2026-09-08T04:16:30.3856546Z [36;1mpsql -h localhost -U ci_ops -d ci -v ON_ERROR_STOP=1 \[0m
ci	Operational report as constrained ops login	2026-09-08T04:16:30.3856909Z [36;1m  -f scripts/ops/fiscal-ops-report.sql[0m
ci	Operational report as constrained ops login	2026-09-08T04:16:30.3872720Z shell: /usr/bin/bash -e {0}
ci	Operational report as constrained ops login	2026-09-08T04:16:30.3872990Z env:
ci	Operational report as constrained ops login	2026-09-08T04:16:30.3873269Z   PGPASSWORD: ci_ops
ci	Operational report as constrained ops login	2026-09-08T04:16:30.3873534Z ##[endgroup]
ci	Operational report as constrained ops login	2026-09-08T04:16:30.4161863Z BEGIN
ci	Operational report as constrained ops login	2026-09-08T04:16:30.4162752Z SET
ci	Operational report as constrained ops login	2026-09-08T04:16:30.4163114Z === runtime controls ===
ci	Operational report as constrained ops login	2026-09-08T04:16:30.4169162Z  accept_new_operations | provider_mutations_enabled |        reason        |          updated_at           | updated_by 
ci	Operational report as constrained ops login	2026-09-08T04:16:30.4170217Z -----------------------+----------------------------+----------------------+-------------------------------+------------
ci	Operational report as constrained ops login	2026-09-08T04:16:30.4171188Z  t                     | t                          | CI ops control check | 2026-09-08 04:16:30.379494+00 | ci_ops
ci	Operational report as constrained ops login	2026-09-08T04:16:30.4171778Z (1 row)
ci	Operational report as constrained ops login	2026-09-08T04:16:30.4172082Z 
ci	Operational report as constrained ops login	2026-09-08T04:16:30.4172329Z === recent runtime control changes ===
ci	Operational report as constrained ops login	2026-09-08T04:16:30.4175978Z  previous_accept_new_operations | previous_provider_mutations_enabled | accept_new_operations | provider_mutations_enabled |           reason           |    changed_by    |          created_at           
ci	Operational report as constrained ops login	2026-09-08T04:16:30.4177836Z --------------------------------+-------------------------------------+-----------------------+----------------------------+----------------------------+------------------+-------------------------------
ci	Operational report as constrained ops login	2026-09-08T04:16:30.4179343Z  t                              | t                                   | t                     | t                          | CI ops control check       | ci_ops           | 2026-09-08 04:16:30.379494+00
ci	Operational report as constrained ops login	2026-09-08T04:16:30.4182148Z  f                              | f                                   | t                     | t                          | F6B CI only                | provision-f6b-ci | 2026-09-08 04:16:30.343221+00
ci	Operational report as constrained ops login	2026-09-08T04:16:30.4183377Z  f                              | f                                   | f                     | f                          | operational audit baseline | migration        | 2026-09-08 04:16:30.096184+00
ci	Operational report as constrained ops login	2026-09-08T04:16:30.4184954Z (3 rows)
ci	Operational report as constrained ops login	2026-09-08T04:16:30.4185137Z 
ci	Operational report as constrained ops login	2026-09-08T04:16:30.4185406Z === fiscal operations by state ===
ci	Operational report as constrained ops login	2026-09-08T04:16:30.4185955Z   status   | total 
ci	Operational report as constrained ops login	2026-09-08T04:16:30.4186362Z -----------+-------
ci	Operational report as constrained ops login	2026-09-08T04:16:30.4186716Z  ACCEPTED  |     1
ci	Operational report as constrained ops login	2026-09-08T04:16:30.4187061Z  PERSISTED |     1
ci	Operational report as constrained ops login	2026-09-08T04:16:30.4187420Z  READY     |     1
ci	Operational report as constrained ops login	2026-09-08T04:16:30.4187646Z (3 rows)
ci	Operational report as constrained ops login	2026-09-08T04:16:30.4187816Z 
ci	Operational report as constrained ops login	2026-09-08T04:16:30.4187959Z === work queue by kind/status ===
ci	Operational report as constrained ops login	2026-09-08T04:16:30.4188294Z   kind  | status  | total 
ci	Operational report as constrained ops login	2026-09-08T04:16:30.4188605Z --------+---------+-------
ci	Operational report as constrained ops login	2026-09-08T04:16:30.4188865Z  SUBMIT | CLAIMED |     2
ci	Operational report as constrained ops login	2026-09-08T04:16:30.4189152Z (1 row)
ci	Operational report as constrained ops login	2026-09-08T04:16:30.4189275Z 
ci	Operational report as constrained ops login	2026-09-08T04:16:30.4189421Z === oldest runnable work ===
ci	Operational report as constrained ops login	2026-09-08T04:16:30.4192019Z  id | tenant_id | operation_id | kind | status | attempt_count | available_at | waiting_for | last_error_code 
ci	Operational report as constrained ops login	2026-09-08T04:16:30.4193021Z ----+-----------+--------------+------+--------+---------------+--------------+-------------+-----------------
ci	Operational report as constrained ops login	2026-09-08T04:16:30.4193576Z (0 rows)
ci	Operational report as constrained ops login	2026-09-08T04:16:30.4193879Z 
ci	Operational report as constrained ops login	2026-09-08T04:16:30.4194069Z === expired claims ===
ci	Operational report as constrained ops login	2026-09-08T04:16:30.4195632Z  id | tenant_id | operation_id | kind | lease_owner | lease_until | lease_expired_by | attempt_count 
ci	Operational report as constrained ops login	2026-09-08T04:16:30.4196561Z ----+-----------+--------------+------+-------------+-------------+------------------+---------------
ci	Operational report as constrained ops login	2026-09-08T04:16:30.4197247Z (0 rows)
ci	Operational report as constrained ops login	2026-09-08T04:16:30.4197394Z 
ci	Operational report as constrained ops login	2026-09-08T04:16:30.4197633Z === ambiguous/reconciling operations ===
ci	Operational report as constrained ops login	2026-09-08T04:16:30.4198583Z  id | tenant_id | document_type | status | state_version | updated_at | state_age 
ci	Operational report as constrained ops login	2026-09-08T04:16:30.4199597Z ----+-----------+---------------+--------+---------------+------------+-----------
ci	Operational report as constrained ops login	2026-09-08T04:16:30.4200498Z (0 rows)
ci	Operational report as constrained ops login	2026-09-08T04:16:30.4200695Z 
ci	Operational report as constrained ops login	2026-09-08T04:16:30.4200938Z === operations requiring human attention ===
ci	Operational report as constrained ops login	2026-09-08T04:16:30.4201660Z  id | tenant_id | document_type | status | state_version | updated_at | state_age 
ci	Operational report as constrained ops login	2026-09-08T04:16:30.4202481Z ----+-----------+---------------+--------+---------------+------------+-----------
ci	Operational report as constrained ops login	2026-09-08T04:16:30.4203027Z (0 rows)
ci	Operational report as constrained ops login	2026-09-08T04:16:30.4203227Z 
ci	Operational report as constrained ops login	2026-09-08T04:16:30.4203493Z === open/ambiguous provider attempts ===
ci	Operational report as constrained ops login	2026-09-08T04:16:30.4204694Z  id | tenant_id | operation_id | attempt_no | status | outcome_code | started_at | finished_at | attempt_age 
ci	Operational report as constrained ops login	2026-09-08T04:16:30.4205683Z ----+-----------+--------------+------------+--------+--------------+------------+-------------+-------------
ci	Operational report as constrained ops login	2026-09-08T04:16:30.4206219Z (0 rows)
ci	Operational report as constrained ops login	2026-09-08T04:16:30.4206422Z 
ci	Operational report as constrained ops login	2026-09-08T04:16:30.4206529Z COMMIT
ci	E2E tests as separated API and worker DB logins	﻿2026-09-08T04:16:30.4244430Z ##[group]Run npm run test:e2e -- --runInBand
ci	E2E tests as separated API and worker DB logins	2026-09-08T04:16:30.4244935Z [36;1mnpm run test:e2e -- --runInBand[0m
ci	E2E tests as separated API and worker DB logins	2026-09-08T04:16:30.4265265Z shell: /usr/bin/bash -e {0}
ci	E2E tests as separated API and worker DB logins	2026-09-08T04:16:30.4265644Z env:
ci	E2E tests as separated API and worker DB logins	2026-09-08T04:16:30.4265868Z   NODE_ENV: test
ci	E2E tests as separated API and worker DB logins	2026-09-08T04:16:30.4266551Z   DATABASE_URL: ***localhost:5432/ci
ci	E2E tests as separated API and worker DB logins	2026-09-08T04:16:30.4267007Z   WORKER_DATABASE_URL: ***localhost:5432/ci
ci	E2E tests as separated API and worker DB logins	2026-09-08T04:16:30.4267801Z   TEST_ADMIN_DATABASE_URL: ***localhost:5432/ci
ci	E2E tests as separated API and worker DB logins	2026-09-08T04:16:30.4268195Z   DATABASE_POOL_MAX: 3
ci	E2E tests as separated API and worker DB logins	2026-09-08T04:16:30.4268580Z   AUTH_PEPPER: f6-test-pepper-0123456789abcdef-32bytes
ci	E2E tests as separated API and worker DB logins	2026-09-08T04:16:30.4269362Z ##[endgroup]
ci	E2E tests as separated API and worker DB logins	2026-09-08T04:16:30.5020110Z 
ci	E2E tests as separated API and worker DB logins	2026-09-08T04:16:30.5020779Z > api@0.0.1 test:e2e
ci	E2E tests as separated API and worker DB logins	2026-09-08T04:16:30.5024285Z > jest --config ./test/jest-e2e.json --runInBand
ci	E2E tests as separated API and worker DB logins	2026-09-08T04:16:30.5024917Z 
ci	E2E tests as separated API and worker DB logins	2026-09-08T04:16:31.8304681Z [04:16:31.825] [32mINFO[39m (2850): [36mhttp_request[39m [90m{"method":"POST","url":"/v1/webhook-endpoints","statusCode":201,"elapsed_ms":7,"correlation_id":"5d3b9bea-42ed-45f4-bf06-8b0a02cc32d1"}[39m
ci	E2E tests as separated API and worker DB logins	2026-09-08T04:16:31.8409435Z [04:16:31.839] [32mINFO[39m (2850): [36mhttp_request[39m [90m{"method":"POST","url":"/v1/fiscal-operations","statusCode":202,"elapsed_ms":7,"correlation_id":"83099e3d-f4a8-48ba-b2da-5acf34f0e1b9"}[39m
ci	E2E tests as separated API and worker DB logins	2026-09-08T04:16:31.8451674Z [04:16:31.844] [32mINFO[39m (2850): [36mhttp_request[39m [90m{"method":"GET","url":"/v1/fiscal-operations/7d1d77ac-992a-4bb2-8e19-df176c0a3c71","statusCode":200,"elapsed_ms":2,"correlation_id":"c4355ea0-ef04-49c5-8469-5278aae1c9f9"}[39m
ci	E2E tests as separated API and worker DB logins	2026-09-08T04:16:31.8611054Z [04:16:31.857] [32mINFO[39m (2850): [36mprovider_submit_result[39m [90m{"event":"provider_submit_result","worker_id":"webhooks-e2e-fiscal-worker","work_id":"8dcbc5e5-7a15-4c62-bf60-f831b43e1cce","operation_id":"7d1d77ac-992a-4bb2-8e19-df176c0a3c71","tenant_id":"aaaaaaaa-aaaa-4aaa-8aaa-aaaaaaaaaaa1","work_kind":"SUBMIT","attempt_count":1,"elapsed_ms":0,"outcome":"CONCLUSIVE_ACCEPTED","attempt_id":"3bd27a33-dbbc-4aba-a731-5336d33ff179"}[39m
ci	E2E tests as separated API and worker DB logins	2026-09-08T04:16:31.8642179Z [04:16:31.862] [32mINFO[39m (2850): [36mworker_job_completed[39m [90m{"event":"worker_job_completed","worker_id":"webhooks-e2e-fiscal-worker","work_id":"8dcbc5e5-7a15-4c62-bf60-f831b43e1cce","operation_id":"7d1d77ac-992a-4bb2-8e19-df176c0a3c71","tenant_id":"aaaaaaaa-aaaa-4aaa-8aaa-aaaaaaaaaaa1","work_kind":"SUBMIT","attempt_count":1,"elapsed_ms":11,"outcome":"SUBMITTED"}[39m
ci	E2E tests as separated API and worker DB logins	2026-09-08T04:16:31.8669227Z [04:16:31.866] [32mINFO[39m (2850): [36mhttp_request[39m [90m{"method":"GET","url":"/v1/fiscal-operations/7d1d77ac-992a-4bb2-8e19-df176c0a3c71","statusCode":200,"elapsed_ms":2,"correlation_id":"aef204a3-3784-4397-ba27-a146a529d873"}[39m
ci	E2E tests as separated API and worker DB logins	2026-09-08T04:16:31.8709451Z [04:16:31.870] [32mINFO[39m (2850): [36mhttp_request[39m [90m{"method":"GET","url":"/v1/fiscal-operations/7d1d77ac-992a-4bb2-8e19-df176c0a3c71","statusCode":200,"elapsed_ms":1,"correlation_id":"78e7e45a-a4ab-4ef2-b53f-5d088bde9a7e"}[39m
ci	E2E tests as separated API and worker DB logins	2026-09-08T04:16:31.8921390Z [04:16:31.891] [33mWARN[39m (2850): [36mwebhook_delivery_completed[39m [90m{"event":"webhook_delivery_completed","worker_id":"webhooks-e2e-webhook-worker","work_id":"b14835a0-c414-47ba-aa31-0b6ad6297956","operation_id":"7d1d77ac-992a-4bb2-8e19-df176c0a3c71","tenant_id":"aaaaaaaa-aaaa-4aaa-8aaa-aaaaaaaaaaa1","work_kind":"WEBHOOK_DELIVERY","attempt_count":1,"elapsed_ms":12,"outcome":"RETRY_SCHEDULED"}[39m
ci	E2E tests as separated API and worker DB logins	2026-09-08T04:16:31.8955203Z [04:16:31.894] [32mINFO[39m (2850): [36mhttp_request[39m [90m{"method":"GET","url":"/v1/fiscal-operations/7d1d77ac-992a-4bb2-8e19-df176c0a3c71","statusCode":200,"elapsed_ms":1,"correlation_id":"4b87d34c-444d-43c3-a1aa-7f8e8f9d0a60"}[39m
ci	E2E tests as separated API and worker DB logins	2026-09-08T04:16:31.9029499Z [04:16:31.902] [32mINFO[39m (2850): [36mhttp_request[39m [90m{"method":"POST","url":"/v1/webhook-endpoints","statusCode":201,"elapsed_ms":2,"correlation_id":"65b3e3d9-3fb8-4001-ab27-d7be3edb768f"}[39m
ci	E2E tests as separated API and worker DB logins	2026-09-08T04:16:31.9099624Z [04:16:31.909] [32mINFO[39m (2850): [36mhttp_request[39m [90m{"method":"POST","url":"/v1/fiscal-operations","statusCode":202,"elapsed_ms":5,"correlation_id":"14608353-1e3f-4cb3-894b-9563f577d327"}[39m
ci	E2E tests as separated API and worker DB logins	2026-09-08T04:16:31.9143544Z [04:16:31.913] [32mINFO[39m (2850): [36mhttp_request[39m [90m{"method":"GET","url":"/v1/fiscal-operations/8e982fd0-0308-4bd3-afa9-4be0dde3445d","statusCode":200,"elapsed_ms":2,"correlation_id":"25345555-7485-4f95-8935-8400a21bdeb8"}[39m
ci	E2E tests as separated API and worker DB logins	2026-09-08T04:16:31.9198954Z [04:16:31.918] [32mINFO[39m (2850): [36mprovider_submit_result[39m [90m{"event":"provider_submit_result","worker_id":"webhooks-e2e-fiscal-worker","work_id":"feeb4327-e1d2-4bfc-b055-d517bd66dde7","operation_id":"8e982fd0-0308-4bd3-afa9-4be0dde3445d","tenant_id":"aaaaaaaa-aaaa-4aaa-8aaa-aaaaaaaaaaa1","work_kind":"SUBMIT","attempt_count":1,"elapsed_ms":0,"outcome":"CONCLUSIVE_ACCEPTED","attempt_id":"b6b59a59-5aa9-4b6d-859a-e98dc47b806c"}[39m
ci	E2E tests as separated API and worker DB logins	2026-09-08T04:16:31.9241108Z [04:16:31.922] [32mINFO[39m (2850): [36mworker_job_completed[39m [90m{"event":"worker_job_completed","worker_id":"webhooks-e2e-fiscal-worker","work_id":"feeb4327-e1d2-4bfc-b055-d517bd66dde7","operation_id":"8e982fd0-0308-4bd3-afa9-4be0dde3445d","tenant_id":"aaaaaaaa-aaaa-4aaa-8aaa-aaaaaaaaaaa1","work_kind":"SUBMIT","attempt_count":1,"elapsed_ms":7,"outcome":"SUBMITTED"}[39m
ci	E2E tests as separated API and worker DB logins	2026-09-08T04:16:31.9265517Z [04:16:31.925] [32mINFO[39m (2850): [36mhttp_request[39m [90m{"method":"GET","url":"/v1/fiscal-operations/8e982fd0-0308-4bd3-afa9-4be0dde3445d","statusCode":200,"elapsed_ms":1,"correlation_id":"dd10c7aa-903e-492d-b264-693d7ecc9f5f"}[39m
ci	E2E tests as separated API and worker DB logins	2026-09-08T04:16:31.9466499Z [04:16:31.944] [32mINFO[39m (2850): [36mwebhook_delivery_completed[39m [90m{"event":"webhook_delivery_completed","worker_id":"webhooks-e2e-webhook-worker","work_id":"0d70bd8b-798b-4b09-b4d1-1b3f96a3742d","operation_id":"8e982fd0-0308-4bd3-afa9-4be0dde3445d","tenant_id":"aaaaaaaa-aaaa-4aaa-8aaa-aaaaaaaaaaa1","work_kind":"WEBHOOK_DELIVERY","attempt_count":1,"elapsed_ms":16,"outcome":"DELIVERED"}[39m
ci	E2E tests as separated API and worker DB logins	2026-09-08T04:16:31.9538415Z [04:16:31.951] [32mINFO[39m (2850): [36mhttp_request[39m [90m{"method":"POST","url":"/v1/webhook-endpoints","statusCode":201,"elapsed_ms":2,"correlation_id":"83f0bfd1-6b73-4b41-8af4-fbc5a4af797c"}[39m
ci	E2E tests as separated API and worker DB logins	2026-09-08T04:16:31.9586529Z [04:16:31.957] [32mINFO[39m (2850): [36mhttp_request[39m [90m{"method":"POST","url":"/v1/fiscal-operations","statusCode":202,"elapsed_ms":3,"correlation_id":"091bd8e5-f9a0-4b2d-9bd0-16ec34f61d81"}[39m
ci	E2E tests as separated API and worker DB logins	2026-09-08T04:16:31.9623118Z [04:16:31.961] [32mINFO[39m (2850): [36mhttp_request[39m [90m{"method":"GET","url":"/v1/fiscal-operations/3dcc9aaa-cb7b-418e-9fbf-d6154d463be1","statusCode":200,"elapsed_ms":1,"correlation_id":"55337a46-c8ff-4493-b40b-483435f4c2b9"}[39m
ci	E2E tests as separated API and worker DB logins	2026-09-08T04:16:31.9678541Z [04:16:31.967] [32mINFO[39m (2850): [36mprovider_submit_result[39m [90m{"event":"provider_submit_result","worker_id":"webhooks-e2e-fiscal-worker","work_id":"4886cee5-2adc-48c7-a752-740be48128d3","operation_id":"3dcc9aaa-cb7b-418e-9fbf-d6154d463be1","tenant_id":"aaaaaaaa-aaaa-4aaa-8aaa-aaaaaaaaaaa1","work_kind":"SUBMIT","attempt_count":1,"elapsed_ms":1,"outcome":"CONCLUSIVE_ACCEPTED","attempt_id":"ac1e5751-d027-49ba-839c-126052d325d9"}[39m
ci	E2E tests as separated API and worker DB logins	2026-09-08T04:16:31.9722620Z [04:16:31.971] [32mINFO[39m (2850): [36mworker_job_completed[39m [90m{"event":"worker_job_completed","worker_id":"webhooks-e2e-fiscal-worker","work_id":"4886cee5-2adc-48c7-a752-740be48128d3","operation_id":"3dcc9aaa-cb7b-418e-9fbf-d6154d463be1","tenant_id":"aaaaaaaa-aaaa-4aaa-8aaa-aaaaaaaaaaa1","work_kind":"SUBMIT","attempt_count":1,"elapsed_ms":8,"outcome":"SUBMITTED"}[39m
ci	E2E tests as separated API and worker DB logins	2026-09-08T04:16:31.9742521Z [04:16:31.973] [32mINFO[39m (2850): [36mhttp_request[39m [90m{"method":"GET","url":"/v1/fiscal-operations/3dcc9aaa-cb7b-418e-9fbf-d6154d463be1","statusCode":200,"elapsed_ms":1,"correlation_id":"8d2b3378-d088-41c7-a07f-74a22dc4db40"}[39m
ci	E2E tests as separated API and worker DB logins	2026-09-08T04:16:31.9836932Z [04:16:31.982] [33mWARN[39m (2850): [36mwebhook_delivery_completed[39m [90m{"event":"webhook_delivery_completed","worker_id":"webhooks-e2e-webhook-worker","work_id":"1c5dcab3-81ad-4426-be95-4d5cafd78351","operation_id":"3dcc9aaa-cb7b-418e-9fbf-d6154d463be1","tenant_id":"aaaaaaaa-aaaa-4aaa-8aaa-aaaaaaaaaaa1","work_kind":"WEBHOOK_DELIVERY","attempt_count":1,"elapsed_ms":6,"outcome":"RETRY_SCHEDULED"}[39m
ci	E2E tests as separated API and worker DB logins	2026-09-08T04:16:31.9918812Z [04:16:31.991] [32mINFO[39m (2850): [36mhttp_request[39m [90m{"method":"POST","url":"/v1/webhook-endpoints","statusCode":201,"elapsed_ms":3,"correlation_id":"fb927972-5bbb-47d9-9756-941861691198"}[39m
ci	E2E tests as separated API and worker DB logins	2026-09-08T04:16:31.9988864Z [04:16:31.998] [32mINFO[39m (2850): [36mhttp_request[39m [90m{"method":"POST","url":"/v1/fiscal-operations","statusCode":202,"elapsed_ms":5,"correlation_id":"c5370bf3-6597-4923-90b7-47c43ec2ea4b"}[39m
ci	E2E tests as separated API and worker DB logins	2026-09-08T04:16:32.0019751Z [04:16:32.001] [32mINFO[39m (2850): [36mhttp_request[39m [90m{"method":"GET","url":"/v1/fiscal-operations/a6a7ca17-9c98-42cc-920a-734a94e865b8","statusCode":200,"elapsed_ms":1,"correlation_id":"9e6d590c-5cce-4579-8aa9-4b0ede382fcd"}[39m
ci	E2E tests as separated API and worker DB logins	2026-09-08T04:16:32.0079938Z [04:16:32.007] [32mINFO[39m (2850): [36mprovider_submit_result[39m [90m{"event":"provider_submit_result","worker_id":"webhooks-e2e-fiscal-worker","work_id":"f996817b-3498-4770-aa95-23ed57e9cf96","operation_id":"a6a7ca17-9c98-42cc-920a-734a94e865b8","tenant_id":"aaaaaaaa-aaaa-4aaa-8aaa-aaaaaaaaaaa1","work_kind":"SUBMIT","attempt_count":1,"elapsed_ms":0,"outcome":"CONCLUSIVE_ACCEPTED","attempt_id":"5d3d70e0-7845-4c52-ae71-7af34683516c"}[39m
ci	E2E tests as separated API and worker DB logins	2026-09-08T04:16:32.0122031Z [04:16:32.011] [32mINFO[39m (2850): [36mworker_job_completed[39m [90m{"event":"worker_job_completed","worker_id":"webhooks-e2e-fiscal-worker","work_id":"f996817b-3498-4770-aa95-23ed57e9cf96","operation_id":"a6a7ca17-9c98-42cc-920a-734a94e865b8","tenant_id":"aaaaaaaa-aaaa-4aaa-8aaa-aaaaaaaaaaa1","work_kind":"SUBMIT","attempt_count":1,"elapsed_ms":9,"outcome":"SUBMITTED"}[39m
ci	E2E tests as separated API and worker DB logins	2026-09-08T04:16:32.0147992Z [04:16:32.014] [32mINFO[39m (2850): [36mhttp_request[39m [90m{"method":"GET","url":"/v1/fiscal-operations/a6a7ca17-9c98-42cc-920a-734a94e865b8","statusCode":200,"elapsed_ms":2,"correlation_id":"2fe66a16-c31f-4c47-9d47-d04cffb747de"}[39m
ci	E2E tests as separated API and worker DB logins	2026-09-08T04:16:32.0261192Z [04:16:32.024] [33mWARN[39m (2850): [36mwebhook_delivery_completed[39m [90m{"event":"webhook_delivery_completed","worker_id":"webhooks-e2e-webhook-worker","work_id":"9bfe3a8e-f225-47f6-b218-82948d6657ed","operation_id":"a6a7ca17-9c98-42cc-920a-734a94e865b8","tenant_id":"aaaaaaaa-aaaa-4aaa-8aaa-aaaaaaaaaaa1","work_kind":"WEBHOOK_DELIVERY","attempt_count":1,"elapsed_ms":8,"outcome":"RETRY_SCHEDULED"}[39m
ci	E2E tests as separated API and worker DB logins	2026-09-08T04:16:32.0341685Z [04:16:32.033] [32mINFO[39m (2850): [36mhttp_request[39m [90m{"method":"POST","url":"/v1/webhook-endpoints","statusCode":201,"elapsed_ms":4,"correlation_id":"a1276243-34b5-48fd-b2dc-1cbc45128743"}[39m
ci	E2E tests as separated API and worker DB logins	2026-09-08T04:16:32.0408956Z [04:16:32.040] [32mINFO[39m (2850): [36mhttp_request[39m [90m{"method":"POST","url":"/v1/fiscal-operations","statusCode":202,"elapsed_ms":5,"correlation_id":"1ad3b6f6-c191-42ec-946b-49d459f1dd0c"}[39m
ci	E2E tests as separated API and worker DB logins	2026-09-08T04:16:32.0444654Z [04:16:32.043] [32mINFO[39m (2850): [36mhttp_request[39m [90m{"method":"GET","url":"/v1/fiscal-operations/6551253a-1de9-433f-bbba-2a176593ca66","statusCode":200,"elapsed_ms":1,"correlation_id":"bf6a835e-c268-486d-af0d-5b1cc303a94b"}[39m
ci	E2E tests as separated API and worker DB logins	2026-09-08T04:16:32.0508959Z [04:16:32.050] [32mINFO[39m (2850): [36mprovider_submit_result[39m [90m{"event":"provider_submit_result","worker_id":"webhooks-e2e-fiscal-worker","work_id":"0685d645-497b-401c-9f2f-c98be32e0b0c","operation_id":"6551253a-1de9-433f-bbba-2a176593ca66","tenant_id":"aaaaaaaa-aaaa-4aaa-8aaa-aaaaaaaaaaa1","work_kind":"SUBMIT","attempt_count":1,"elapsed_ms":0,"outcome":"CONCLUSIVE_ACCEPTED","attempt_id":"ece5d2a6-d876-4ef5-aa64-0ec2911ca141"}[39m
ci	E2E tests as separated API and worker DB logins	2026-09-08T04:16:32.0552454Z [04:16:32.054] [32mINFO[39m (2850): [36mworker_job_completed[39m [90m{"event":"worker_job_completed","worker_id":"webhooks-e2e-fiscal-worker","work_id":"0685d645-497b-401c-9f2f-c98be32e0b0c","operation_id":"6551253a-1de9-433f-bbba-2a176593ca66","tenant_id":"aaaaaaaa-aaaa-4aaa-8aaa-aaaaaaaaaaa1","work_kind":"SUBMIT","attempt_count":1,"elapsed_ms":9,"outcome":"SUBMITTED"}[39m
ci	E2E tests as separated API and worker DB logins	2026-09-08T04:16:32.0576344Z [04:16:32.057] [32mINFO[39m (2850): [36mhttp_request[39m [90m{"method":"GET","url":"/v1/fiscal-operations/6551253a-1de9-433f-bbba-2a176593ca66","statusCode":200,"elapsed_ms":1,"correlation_id":"616fc156-a6b9-4b85-855e-c75898048ae4"}[39m
ci	E2E tests as separated API and worker DB logins	2026-09-08T04:16:32.4687609Z [04:16:32.468] [33mWARN[39m (2850): [36mwebhook_delivery_completed[39m [90m{"event":"webhook_delivery_completed","worker_id":"webhooks-e2e-webhook-worker","work_id":"ba749dcd-35a1-4728-a9cd-6db78e40be44","operation_id":"6551253a-1de9-433f-bbba-2a176593ca66","tenant_id":"aaaaaaaa-aaaa-4aaa-8aaa-aaaaaaaaaaa1","work_kind":"WEBHOOK_DELIVERY","attempt_count":1,"elapsed_ms":409,"outcome":"RETRY_SCHEDULED"}[39m
ci	E2E tests as separated API and worker DB logins	2026-09-08T04:16:32.4738216Z [04:16:32.473] [32mINFO[39m (2850): [36mhttp_request[39m [90m{"method":"POST","url":"/v1/webhook-endpoints","statusCode":201,"elapsed_ms":2,"correlation_id":"df8bbc3a-a86c-469c-aac5-990fec84077c"}[39m
ci	E2E tests as separated API and worker DB logins	2026-09-08T04:16:32.4786573Z [04:16:32.478] [32mINFO[39m (2850): [36mhttp_request[39m [90m{"method":"POST","url":"/v1/fiscal-operations","statusCode":202,"elapsed_ms":3,"correlation_id":"c5a84099-e3cb-46c7-b037-ac08900b1f18"}[39m
ci	E2E tests as separated API and worker DB logins	2026-09-08T04:16:32.4815350Z [04:16:32.480] [32mINFO[39m (2850): [36mhttp_request[39m [90m{"method":"GET","url":"/v1/fiscal-operations/b7790cdb-e9a5-4f74-8412-bfa45017cb65","statusCode":200,"elapsed_ms":1,"correlation_id":"df23915e-c385-4b74-aba9-588fd19004cd"}[39m
ci	E2E tests as separated API and worker DB logins	2026-09-08T04:16:32.4862096Z [04:16:32.485] [32mINFO[39m (2850): [36mprovider_submit_result[39m [90m{"event":"provider_submit_result","worker_id":"webhooks-e2e-fiscal-worker","work_id":"1235cf3e-3daa-41fe-b921-51ae0937ad2e","operation_id":"b7790cdb-e9a5-4f74-8412-bfa45017cb65","tenant_id":"aaaaaaaa-aaaa-4aaa-8aaa-aaaaaaaaaaa1","work_kind":"SUBMIT","attempt_count":1,"elapsed_ms":0,"outcome":"CONCLUSIVE_ACCEPTED","attempt_id":"ca02de70-1ead-437f-b669-f603e13e45fc"}[39m
ci	E2E tests as separated API and worker DB logins	2026-09-08T04:16:32.4893937Z [04:16:32.488] [32mINFO[39m (2850): [36mworker_job_completed[39m [90m{"event":"worker_job_completed","worker_id":"webhooks-e2e-fiscal-worker","work_id":"1235cf3e-3daa-41fe-b921-51ae0937ad2e","operation_id":"b7790cdb-e9a5-4f74-8412-bfa45017cb65","tenant_id":"aaaaaaaa-aaaa-4aaa-8aaa-aaaaaaaaaaa1","work_kind":"SUBMIT","attempt_count":1,"elapsed_ms":6,"outcome":"SUBMITTED"}[39m
ci	E2E tests as separated API and worker DB logins	2026-09-08T04:16:32.4915740Z [04:16:32.490] [32mINFO[39m (2850): [36mhttp_request[39m [90m{"method":"GET","url":"/v1/fiscal-operations/b7790cdb-e9a5-4f74-8412-bfa45017cb65","statusCode":200,"elapsed_ms":1,"correlation_id":"0d6b2a23-a377-4493-b472-7926a97e629d"}[39m
ci	E2E tests as separated API and worker DB logins	2026-09-08T04:16:32.4981342Z [04:16:32.497] [33mWARN[39m (2850): [36mwebhook_delivery_completed[39m [90m{"event":"webhook_delivery_completed","worker_id":"webhooks-e2e-webhook-worker","work_id":"d28b7f26-1691-4f06-9ed4-330dcc0ef08a","operation_id":"b7790cdb-e9a5-4f74-8412-bfa45017cb65","tenant_id":"aaaaaaaa-aaaa-4aaa-8aaa-aaaaaaaaaaa1","work_kind":"WEBHOOK_DELIVERY","attempt_count":1,"elapsed_ms":5,"outcome":"RETRY_SCHEDULED"}[39m
ci	E2E tests as separated API and worker DB logins	2026-09-08T04:16:32.5033277Z [04:16:32.502] [32mINFO[39m (2850): [36mhttp_request[39m [90m{"method":"POST","url":"/v1/webhook-endpoints","statusCode":201,"elapsed_ms":2,"correlation_id":"ce70f811-e8f5-4851-be77-e554f61d119c"}[39m
ci	E2E tests as separated API and worker DB logins	2026-09-08T04:16:32.5085860Z [04:16:32.507] [32mINFO[39m (2850): [36mhttp_request[39m [90m{"method":"POST","url":"/v1/fiscal-operations","statusCode":202,"elapsed_ms":3,"correlation_id":"f5edf0a8-376b-4f3d-b37b-e6308fd53b52"}[39m
ci	E2E tests as separated API and worker DB logins	2026-09-08T04:16:32.5116700Z [04:16:32.511] [32mINFO[39m (2850): [36mhttp_request[39m [90m{"method":"GET","url":"/v1/fiscal-operations/d44d3673-bb52-49ca-b8e9-a6b4987f28a6","statusCode":200,"elapsed_ms":2,"correlation_id":"f96178c4-5076-403d-b915-47aecdc5cfd4"}[39m
ci	E2E tests as separated API and worker DB logins	2026-09-08T04:16:32.5160608Z [04:16:32.515] [32mINFO[39m (2850): [36mprovider_submit_result[39m [90m{"event":"provider_submit_result","worker_id":"webhooks-e2e-fiscal-worker","work_id":"14b93e16-43cc-41e5-a6e0-3d3b48d972a0","operation_id":"d44d3673-bb52-49ca-b8e9-a6b4987f28a6","tenant_id":"aaaaaaaa-aaaa-4aaa-8aaa-aaaaaaaaaaa1","work_kind":"SUBMIT","attempt_count":1,"elapsed_ms":0,"outcome":"CONCLUSIVE_ACCEPTED","attempt_id":"86cb1e94-4ad4-4c2b-bb4b-dfacbde55923"}[39m
ci	E2E tests as separated API and worker DB logins	2026-09-08T04:16:32.5193891Z [04:16:32.518] [32mINFO[39m (2850): [36mworker_job_completed[39m [90m{"event":"worker_job_completed","worker_id":"webhooks-e2e-fiscal-worker","work_id":"14b93e16-43cc-41e5-a6e0-3d3b48d972a0","operation_id":"d44d3673-bb52-49ca-b8e9-a6b4987f28a6","tenant_id":"aaaaaaaa-aaaa-4aaa-8aaa-aaaaaaaaaaa1","work_kind":"SUBMIT","attempt_count":1,"elapsed_ms":6,"outcome":"SUBMITTED"}[39m
ci	E2E tests as separated API and worker DB logins	2026-09-08T04:16:32.5214962Z [04:16:32.520] [32mINFO[39m (2850): [36mhttp_request[39m [90m{"method":"GET","url":"/v1/fiscal-operations/d44d3673-bb52-49ca-b8e9-a6b4987f28a6","statusCode":200,"elapsed_ms":1,"correlation_id":"698b316a-caf0-4fb1-9ccc-2216e8e27829"}[39m
ci	E2E tests as separated API and worker DB logins	2026-09-08T04:16:32.5294110Z [04:16:32.528] [33mWARN[39m (2850): [36mwebhook_delivery_completed[39m [90m{"event":"webhook_delivery_completed","worker_id":"webhooks-e2e-webhook-worker","work_id":"cb7f8384-43c0-45d8-b290-f5e33ac3fc09","operation_id":"d44d3673-bb52-49ca-b8e9-a6b4987f28a6","tenant_id":"aaaaaaaa-aaaa-4aaa-8aaa-aaaaaaaaaaa1","work_kind":"WEBHOOK_DELIVERY","attempt_count":1,"elapsed_ms":5,"outcome":"RETRY_SCHEDULED"}[39m
ci	E2E tests as separated API and worker DB logins	2026-09-08T04:16:32.5373501Z [04:16:32.536] [33mWARN[39m (2850): [36mwebhook_delivery_completed[39m [90m{"event":"webhook_delivery_completed","worker_id":"webhooks-e2e-webhook-worker","work_id":"cb7f8384-43c0-45d8-b290-f5e33ac3fc09","operation_id":"d44d3673-bb52-49ca-b8e9-a6b4987f28a6","tenant_id":"aaaaaaaa-aaaa-4aaa-8aaa-aaaaaaaaaaa1","work_kind":"WEBHOOK_DELIVERY","attempt_count":2,"elapsed_ms":5,"outcome":"RETRY_SCHEDULED"}[39m
ci	E2E tests as separated API and worker DB logins	2026-09-08T04:16:32.5455181Z [04:16:32.544] [33mWARN[39m (2850): [36mwebhook_delivery_completed[39m [90m{"event":"webhook_delivery_completed","worker_id":"webhooks-e2e-webhook-worker","work_id":"cb7f8384-43c0-45d8-b290-f5e33ac3fc09","operation_id":"d44d3673-bb52-49ca-b8e9-a6b4987f28a6","tenant_id":"aaaaaaaa-aaaa-4aaa-8aaa-aaaaaaaaaaa1","work_kind":"WEBHOOK_DELIVERY","attempt_count":3,"elapsed_ms":5,"outcome":"RETRY_SCHEDULED"}[39m
ci	E2E tests as separated API and worker DB logins	2026-09-08T04:16:32.5548922Z [04:16:32.554] [33mWARN[39m (2850): [36mwebhook_delivery_completed[39m [90m{"event":"webhook_delivery_completed","worker_id":"webhooks-e2e-webhook-worker","work_id":"cb7f8384-43c0-45d8-b290-f5e33ac3fc09","operation_id":"d44d3673-bb52-49ca-b8e9-a6b4987f28a6","tenant_id":"aaaaaaaa-aaaa-4aaa-8aaa-aaaaaaaaaaa1","work_kind":"WEBHOOK_DELIVERY","attempt_count":4,"elapsed_ms":5,"outcome":"RETRY_SCHEDULED"}[39m
ci	E2E tests as separated API and worker DB logins	2026-09-08T04:16:32.5634888Z [04:16:32.562] [33mWARN[39m (2850): [36mwebhook_delivery_completed[39m [90m{"event":"webhook_delivery_completed","worker_id":"webhooks-e2e-webhook-worker","work_id":"cb7f8384-43c0-45d8-b290-f5e33ac3fc09","operation_id":"d44d3673-bb52-49ca-b8e9-a6b4987f28a6","tenant_id":"aaaaaaaa-aaaa-4aaa-8aaa-aaaaaaaaaaa1","work_kind":"WEBHOOK_DELIVERY","attempt_count":5,"elapsed_ms":5,"outcome":"RETRY_SCHEDULED"}[39m
ci	E2E tests as separated API and worker DB logins	2026-09-08T04:16:32.5717126Z [04:16:32.571] [33mWARN[39m (2850): [36mwebhook_delivery_completed[39m [90m{"event":"webhook_delivery_completed","worker_id":"webhooks-e2e-webhook-worker","work_id":"cb7f8384-43c0-45d8-b290-f5e33ac3fc09","operation_id":"d44d3673-bb52-49ca-b8e9-a6b4987f28a6","tenant_id":"aaaaaaaa-aaaa-4aaa-8aaa-aaaaaaaaaaa1","work_kind":"WEBHOOK_DELIVERY","attempt_count":6,"elapsed_ms":6,"outcome":"RETRY_SCHEDULED"}[39m
ci	E2E tests as separated API and worker DB logins	2026-09-08T04:16:32.5790172Z [04:16:32.578] [33mWARN[39m (2850): [36mwebhook_delivery_completed[39m [90m{"event":"webhook_delivery_completed","worker_id":"webhooks-e2e-webhook-worker","work_id":"cb7f8384-43c0-45d8-b290-f5e33ac3fc09","operation_id":"d44d3673-bb52-49ca-b8e9-a6b4987f28a6","tenant_id":"aaaaaaaa-aaaa-4aaa-8aaa-aaaaaaaaaaa1","work_kind":"WEBHOOK_DELIVERY","attempt_count":7,"elapsed_ms":5,"outcome":"DEAD_LETTERED"}[39m
ci	E2E tests as separated API and worker DB logins	2026-09-08T04:16:32.5860213Z [04:16:32.585] [32mINFO[39m (2850): [36mhttp_request[39m [90m{"method":"POST","url":"/v1/webhook-endpoints","statusCode":201,"elapsed_ms":2,"correlation_id":"fbb72d58-fca7-43e5-a1f9-2c0da91f0ab5"}[39m
ci	E2E tests as separated API and worker DB logins	2026-09-08T04:16:32.5897035Z [04:16:32.589] [32mINFO[39m (2850): [36mhttp_request[39m [90m{"method":"POST","url":"/v1/webhook-endpoints","statusCode":201,"elapsed_ms":2,"correlation_id":"407c46cd-958e-4a61-88a7-4847a265d06a"}[39m
ci	E2E tests as separated API and worker DB logins	2026-09-08T04:16:32.5954996Z [04:16:32.594] [32mINFO[39m (2850): [36mhttp_request[39m [90m{"method":"POST","url":"/v1/fiscal-operations","statusCode":202,"elapsed_ms":4,"correlation_id":"ba6fa6be-5508-46b8-af39-220eb5fdbe2c"}[39m
ci	E2E tests as separated API and worker DB logins	2026-09-08T04:16:32.5979479Z [04:16:32.597] [32mINFO[39m (2850): [36mhttp_request[39m [90m{"method":"GET","url":"/v1/fiscal-operations/3fd94d1a-7f71-4017-83ff-4c54f6e3db6a","statusCode":200,"elapsed_ms":1,"correlation_id":"784ca90d-459e-41f3-b05e-c5adfc4862b5"}[39m
ci	E2E tests as separated API and worker DB logins	2026-09-08T04:16:32.6015802Z [04:16:32.600] [32mINFO[39m (2850): [36mprovider_submit_result[39m [90m{"event":"provider_submit_result","worker_id":"webhooks-e2e-fiscal-worker","work_id":"cd96daba-d04d-4672-b398-2e7e92578ca9","operation_id":"3fd94d1a-7f71-4017-83ff-4c54f6e3db6a","tenant_id":"aaaaaaaa-aaaa-4aaa-8aaa-aaaaaaaaaaa1","work_kind":"SUBMIT","attempt_count":1,"elapsed_ms":0,"outcome":"CONCLUSIVE_ACCEPTED","attempt_id":"de571f25-3ccc-440c-b1b5-d9c219cb03f6"}[39m
ci	E2E tests as separated API and worker DB logins	2026-09-08T04:16:32.6183408Z [04:16:32.604] [32mINFO[39m (2850): [36mworker_job_completed[39m [90m{"event":"worker_job_completed","worker_id":"webhooks-e2e-fiscal-worker","work_id":"cd96daba-d04d-4672-b398-2e7e92578ca9","operation_id":"3fd94d1a-7f71-4017-83ff-4c54f6e3db6a","tenant_id":"aaaaaaaa-aaaa-4aaa-8aaa-aaaaaaaaaaa1","work_kind":"SUBMIT","attempt_count":1,"elapsed_ms":6,"outcome":"SUBMITTED"}[39m
ci	E2E tests as separated API and worker DB logins	2026-09-08T04:16:32.6215555Z [04:16:32.606] [32mINFO[39m (2850): [36mhttp_request[39m [90m{"method":"GET","url":"/v1/fiscal-operations/3fd94d1a-7f71-4017-83ff-4c54f6e3db6a","statusCode":200,"elapsed_ms":1,"correlation_id":"baeeb9b4-6e17-4fce-90e2-b7c64d44e4cb"}[39m
ci	E2E tests as separated API and worker DB logins	2026-09-08T04:16:32.6321700Z [04:16:32.631] [33mWARN[39m (2850): [36mwebhook_delivery_completed[39m [90m{"event":"webhook_delivery_completed","worker_id":"webhooks-e2e-webhook-worker","work_id":"42f08024-b757-4ca9-8eb7-cb8baccc0177","operation_id":"3fd94d1a-7f71-4017-83ff-4c54f6e3db6a","tenant_id":"aaaaaaaa-aaaa-4aaa-8aaa-aaaaaaaaaaa1","work_kind":"WEBHOOK_DELIVERY","attempt_count":1,"elapsed_ms":5,"outcome":"RETRY_SCHEDULED"}[39m
ci	E2E tests as separated API and worker DB logins	2026-09-08T04:16:32.6381700Z [04:16:32.637] [32mINFO[39m (2850): [36mwebhook_delivery_completed[39m [90m{"event":"webhook_delivery_completed","worker_id":"webhooks-e2e-webhook-worker","work_id":"47fb2f78-61e2-4905-89bd-2bbd9d983b3d","operation_id":"3fd94d1a-7f71-4017-83ff-4c54f6e3db6a","tenant_id":"aaaaaaaa-aaaa-4aaa-8aaa-aaaaaaaaaaa1","work_kind":"WEBHOOK_DELIVERY","attempt_count":1,"elapsed_ms":5,"outcome":"DELIVERED"}[39m
ci	E2E tests as separated API and worker DB logins	2026-09-08T04:16:32.6429619Z [04:16:32.642] [32mINFO[39m (2850): [36mhttp_request[39m [90m{"method":"POST","url":"/v1/webhook-endpoints","statusCode":201,"elapsed_ms":1,"correlation_id":"04c0800d-76e9-4aa5-a707-3f7bfefa8141"}[39m
ci	E2E tests as separated API and worker DB logins	2026-09-08T04:16:32.6470543Z [04:16:32.646] [32mINFO[39m (2850): [36mhttp_request[39m [90m{"method":"POST","url":"/v1/fiscal-operations","statusCode":202,"elapsed_ms":2,"correlation_id":"1d956284-4d7b-4657-a0f5-4d7291b821e6"}[39m
ci	E2E tests as separated API and worker DB logins	2026-09-08T04:16:32.6494665Z [04:16:32.648] [32mINFO[39m (2850): [36mhttp_request[39m [90m{"method":"GET","url":"/v1/fiscal-operations/354a4924-a11e-4622-89e6-5fa48c1cd9cf","statusCode":200,"elapsed_ms":0,"correlation_id":"e2a30136-0e5d-458d-8798-ebead828cd54"}[39m
ci	E2E tests as separated API and worker DB logins	2026-09-08T04:16:32.6537782Z [04:16:32.653] [32mINFO[39m (2850): [36mprovider_submit_result[39m [90m{"event":"provider_submit_result","worker_id":"webhooks-e2e-fiscal-worker","work_id":"620c3743-cd4b-4d70-ba53-6fd124d1b4e5","operation_id":"354a4924-a11e-4622-89e6-5fa48c1cd9cf","tenant_id":"aaaaaaaa-aaaa-4aaa-8aaa-aaaaaaaaaaa1","work_kind":"SUBMIT","attempt_count":1,"elapsed_ms":0,"outcome":"CONCLUSIVE_ACCEPTED","attempt_id":"bb89fe81-8201-4abf-ae91-6cbcf505b757"}[39m
ci	E2E tests as separated API and worker DB logins	2026-09-08T04:16:32.6571060Z [04:16:32.656] [32mINFO[39m (2850): [36mworker_job_completed[39m [90m{"event":"worker_job_completed","worker_id":"webhooks-e2e-fiscal-worker","work_id":"620c3743-cd4b-4d70-ba53-6fd124d1b4e5","operation_id":"354a4924-a11e-4622-89e6-5fa48c1cd9cf","tenant_id":"aaaaaaaa-aaaa-4aaa-8aaa-aaaaaaaaaaa1","work_kind":"SUBMIT","attempt_count":1,"elapsed_ms":6,"outcome":"SUBMITTED"}[39m
ci	E2E tests as separated API and worker DB logins	2026-09-08T04:16:32.6588853Z [04:16:32.658] [32mINFO[39m (2850): [36mhttp_request[39m [90m{"method":"GET","url":"/v1/fiscal-operations/354a4924-a11e-4622-89e6-5fa48c1cd9cf","statusCode":200,"elapsed_ms":1,"correlation_id":"39e257ab-fd94-4d62-9122-f65f242a93f9"}[39m
ci	E2E tests as separated API and worker DB logins	2026-09-08T04:16:32.6988311Z [04:16:32.698] [33mWARN[39m (2850): [36mwebhook_delivery_completed[39m [90m{"event":"webhook_delivery_completed","worker_id":"webhooks-e2e-webhook-worker","work_id":"39b2e310-aec3-4025-89f4-6cdc78be4c47","operation_id":"354a4924-a11e-4622-89e6-5fa48c1cd9cf","tenant_id":"aaaaaaaa-aaaa-4aaa-8aaa-aaaaaaaaaaa1","work_kind":"WEBHOOK_DELIVERY","attempt_count":1,"elapsed_ms":38,"outcome":"RETRY_SCHEDULED"}[39m
ci	E2E tests as separated API and worker DB logins	2026-09-08T04:16:32.7057921Z [04:16:32.705] [32mINFO[39m (2850): [36mwebhook_delivery_completed[39m [90m{"event":"webhook_delivery_completed","worker_id":"webhooks-e2e-webhook-worker","work_id":"39b2e310-aec3-4025-89f4-6cdc78be4c47","operation_id":"354a4924-a11e-4622-89e6-5fa48c1cd9cf","tenant_id":"aaaaaaaa-aaaa-4aaa-8aaa-aaaaaaaaaaa1","work_kind":"WEBHOOK_DELIVERY","attempt_count":2,"elapsed_ms":5,"outcome":"DELIVERED"}[39m
ci	E2E tests as separated API and worker DB logins	2026-09-08T04:16:32.7108141Z [04:16:32.710] [32mINFO[39m (2850): [36mhttp_request[39m [90m{"method":"POST","url":"/v1/webhook-endpoints","statusCode":201,"elapsed_ms":2,"correlation_id":"9783991d-9977-400b-b10e-a36c4d7c8d98"}[39m
ci	E2E tests as separated API and worker DB logins	2026-09-08T04:16:32.7162910Z [04:16:32.715] [32mINFO[39m (2850): [36mhttp_request[39m [90m{"method":"POST","url":"/v1/fiscal-operations","statusCode":202,"elapsed_ms":4,"correlation_id":"126bc54e-e145-4d9e-af99-71b42dbdb7f5"}[39m
ci	E2E tests as separated API and worker DB logins	2026-09-08T04:16:32.7188158Z [04:16:32.718] [32mINFO[39m (2850): [36mhttp_request[39m [90m{"method":"GET","url":"/v1/fiscal-operations/a96243be-c441-4a92-bc7b-061823a38955","statusCode":200,"elapsed_ms":1,"correlation_id":"12e87c7b-3a4b-4e88-9667-34d96262e8ed"}[39m
ci	E2E tests as separated API and worker DB logins	2026-09-08T04:16:32.7223225Z [04:16:32.721] [32mINFO[39m (2850): [36mprovider_submit_result[39m [90m{"event":"provider_submit_result","worker_id":"webhooks-e2e-fiscal-worker","work_id":"09bd245e-92a4-4918-9dd4-c79e9e70db61","operation_id":"a96243be-c441-4a92-bc7b-061823a38955","tenant_id":"aaaaaaaa-aaaa-4aaa-8aaa-aaaaaaaaaaa1","work_kind":"SUBMIT","attempt_count":1,"elapsed_ms":0,"outcome":"CONCLUSIVE_ACCEPTED","attempt_id":"326bb18b-2835-4195-ac0d-4ea0d3f74547"}[39m
ci	E2E tests as separated API and worker DB logins	2026-09-08T04:16:32.7253802Z [04:16:32.724] [32mINFO[39m (2850): [36mworker_job_completed[39m [90m{"event":"worker_job_completed","worker_id":"webhooks-e2e-fiscal-worker","work_id":"09bd245e-92a4-4918-9dd4-c79e9e70db61","operation_id":"a96243be-c441-4a92-bc7b-061823a38955","tenant_id":"aaaaaaaa-aaaa-4aaa-8aaa-aaaaaaaaaaa1","work_kind":"SUBMIT","attempt_count":1,"elapsed_ms":5,"outcome":"SUBMITTED"}[39m
ci	E2E tests as separated API and worker DB logins	2026-09-08T04:16:32.7272932Z [04:16:32.726] [32mINFO[39m (2850): [36mhttp_request[39m [90m{"method":"GET","url":"/v1/fiscal-operations/a96243be-c441-4a92-bc7b-061823a38955","statusCode":200,"elapsed_ms":1,"correlation_id":"2f511689-e495-4b5a-9fda-586ff9c2aab8"}[39m
ci	E2E tests as separated API and worker DB logins	2026-09-08T04:16:32.7301087Z [04:16:32.729] [32mINFO[39m (2850): [36mhttp_request[39m [90m{"method":"GET","url":"/v1/webhook-endpoints","statusCode":200,"elapsed_ms":1,"correlation_id":"2973b989-3e64-4f08-8a8f-08fcad241516"}[39m
ci	E2E tests as separated API and worker DB logins	2026-09-08T04:16:32.7331524Z [04:16:32.732] [32mINFO[39m (2850): [36mhttp_request[39m [90m{"method":"GET","url":"/v1/webhook-endpoints/378f4dd2-f567-40e6-8645-84e1b9a17c51","statusCode":200,"elapsed_ms":1,"correlation_id":"cf7ed09b-9532-401a-82ca-569585f93395"}[39m
ci	E2E tests as separated API and worker DB logins	2026-09-08T04:16:32.7358978Z [04:16:32.735] [32mINFO[39m (2850): [36mhttp_request[39m [90m{"method":"PATCH","url":"/v1/webhook-endpoints/378f4dd2-f567-40e6-8645-84e1b9a17c51/disable","statusCode":200,"elapsed_ms":1,"correlation_id":"27d6a337-f35d-47df-b557-ff9fa44dd8d8"}[39m
ci	E2E tests as separated API and worker DB logins	2026-09-08T04:16:32.7390429Z [04:16:32.738] [32mINFO[39m (2850): [36mhttp_request[39m [90m{"method":"GET","url":"/v1/webhook-deliveries","statusCode":200,"elapsed_ms":2,"correlation_id":"d2ecbcb0-831f-4a30-afc8-c9df09d5bc95"}[39m
ci	E2E tests as separated API and worker DB logins	2026-09-08T04:16:32.7423066Z [04:16:32.741] [32mINFO[39m (2850): [36mhttp_request[39m [90m{"method":"GET","url":"/v1/webhook-endpoints","statusCode":200,"elapsed_ms":1,"correlation_id":"d4803a86-1772-4e66-ba32-60a05d2e6d09"}[39m
ci	E2E tests as separated API and worker DB logins	2026-09-08T04:16:32.7474167Z [04:16:32.746] [32mINFO[39m (2850): [36mhttp_request[39m [90m{"method":"POST","url":"/v1/webhook-endpoints","statusCode":201,"elapsed_ms":1,"correlation_id":"9004e30f-052d-4353-9f7b-cfb8274219d0"}[39m
ci	E2E tests as separated API and worker DB logins	2026-09-08T04:16:32.7511306Z [04:16:32.750] [32mINFO[39m (2850): [36mhttp_request[39m [90m{"method":"PATCH","url":"/v1/webhook-endpoints/8c2325f5-5cdf-4bd4-b73b-17db925b63d2/disable","statusCode":200,"elapsed_ms":2,"correlation_id":"4e5ef9d0-f5fb-444b-9c8d-5b4cd4d3f90c"}[39m
ci	E2E tests as separated API and worker DB logins	2026-09-08T04:16:32.7551745Z [04:16:32.754] [32mINFO[39m (2850): [36mhttp_request[39m [90m{"method":"POST","url":"/v1/fiscal-operations","statusCode":202,"elapsed_ms":2,"correlation_id":"c94317bc-2598-4279-b1b8-b6346b2f5b68"}[39m
ci	E2E tests as separated API and worker DB logins	2026-09-08T04:16:32.7578413Z [04:16:32.757] [32mINFO[39m (2850): [36mhttp_request[39m [90m{"method":"GET","url":"/v1/fiscal-operations/00774584-b71f-43da-9462-e595b1ad12a8","statusCode":200,"elapsed_ms":1,"correlation_id":"3496369f-73d3-4c45-83ab-870a5ea9ae89"}[39m
ci	E2E tests as separated API and worker DB logins	2026-09-08T04:16:32.7614717Z [04:16:32.760] [32mINFO[39m (2850): [36mprovider_submit_result[39m [90m{"event":"provider_submit_result","worker_id":"webhooks-e2e-fiscal-worker","work_id":"26a8f579-4967-4ad9-8e71-7e569aefa298","operation_id":"00774584-b71f-43da-9462-e595b1ad12a8","tenant_id":"aaaaaaaa-aaaa-4aaa-8aaa-aaaaaaaaaaa1","work_kind":"SUBMIT","attempt_count":1,"elapsed_ms":0,"outcome":"CONCLUSIVE_ACCEPTED","attempt_id":"d0d2868a-5d3c-4f88-8640-b2c2422f42b0"}[39m
ci	E2E tests as separated API and worker DB logins	2026-09-08T04:16:32.7645692Z [04:16:32.763] [32mINFO[39m (2850): [36mworker_job_completed[39m [90m{"event":"worker_job_completed","worker_id":"webhooks-e2e-fiscal-worker","work_id":"26a8f579-4967-4ad9-8e71-7e569aefa298","operation_id":"00774584-b71f-43da-9462-e595b1ad12a8","tenant_id":"aaaaaaaa-aaaa-4aaa-8aaa-aaaaaaaaaaa1","work_kind":"SUBMIT","attempt_count":1,"elapsed_ms":5,"outcome":"SUBMITTED"}[39m
ci	E2E tests as separated API and worker DB logins	2026-09-08T04:16:32.7662207Z [04:16:32.765] [32mINFO[39m (2850): [36mhttp_request[39m [90m{"method":"GET","url":"/v1/fiscal-operations/00774584-b71f-43da-9462-e595b1ad12a8","statusCode":200,"elapsed_ms":1,"correlation_id":"44015958-2a5c-4438-a007-b84e57bde6b1"}[39m
ci	E2E tests as separated API and worker DB logins	2026-09-08T04:16:32.7746866Z PASS test/webhooks.e2e-spec.ts
ci	E2E tests as separated API and worker DB logins	2026-09-08T04:16:32.9585151Z [04:16:32.949] [32mINFO[39m (2850): [36mhttp_request[39m [90m{"method":"GET","url":"/health","statusCode":200,"elapsed_ms":0,"correlation_id":"1619f20b-abbf-40db-a650-a70d6f0e839b"}[39m
ci	E2E tests as separated API and worker DB logins	2026-09-08T04:16:32.9603220Z [04:16:32.959] [32mINFO[39m (2850): [36mhttp_request[39m [90m{"method":"GET","url":"/ready","statusCode":200,"elapsed_ms":8,"correlation_id":"4362eac7-65d2-4c27-ad4b-bf21af5a969b"}[39m
ci	E2E tests as separated API and worker DB logins	2026-09-08T04:16:32.9720905Z [04:16:32.971] [32mINFO[39m (2850): [36mhttp_request[39m [90m{"method":"POST","url":"/v1/fiscal-operations","statusCode":202,"elapsed_ms":6,"correlation_id":"7a4fc55f-2f49-4703-b397-57b36b616bd1"}[39m
ci	E2E tests as separated API and worker DB logins	2026-09-08T04:16:32.9758572Z [04:16:32.975] [32mINFO[39m (2850): [36mhttp_request[39m [90m{"method":"POST","url":"/v1/fiscal-operations","statusCode":202,"elapsed_ms":2,"correlation_id":"fadf047e-7680-45a2-844e-397003201767"}[39m
ci	E2E tests as separated API and worker DB logins	2026-09-08T04:16:32.9873587Z [04:16:32.986] [32mINFO[39m (2850): [36mhttp_request[39m [90m{"method":"POST","url":"/v1/fiscal-operations","statusCode":202,"elapsed_ms":3,"correlation_id":"37300a78-f9d6-4ad4-8278-48a80333b958"}[39m
ci	E2E tests as separated API and worker DB logins	2026-09-08T04:16:32.9909754Z [04:16:32.990] [32mINFO[39m (2850): [36mhttp_request[39m [90m{"method":"POST","url":"/v1/fiscal-operations","statusCode":202,"elapsed_ms":2,"correlation_id":"758ddbc1-848a-4943-89ff-f961ff16d29b"}[39m
ci	E2E tests as separated API and worker DB logins	2026-09-08T04:16:32.9942018Z [04:16:32.993] [32mINFO[39m (2850): [36mhttp_request[39m [90m{"method":"GET","url":"/v1/fiscal-operations/bbbbbbbb-0000-4000-8000-000000000099","statusCode":200,"elapsed_ms":1,"correlation_id":"fb417fdf-98a0-4594-b8d0-55e241093455"}[39m
ci	E2E tests as separated API and worker DB logins	2026-09-08T04:16:33.0063220Z [04:16:33.005] [32mINFO[39m (2850): [36mprovider_submit_result[39m [90m{"event":"provider_submit_result","worker_id":"e2e-worker","work_id":"06412580-7bd4-48b3-9b6c-f5e19390bfb6","operation_id":"8a8cd988-d571-4aa3-b426-7d5c96808ad0","tenant_id":"aaaaaaaa-aaaa-4aaa-8aaa-aaaaaaaaaaa1","work_kind":"SUBMIT","attempt_count":1,"elapsed_ms":0,"outcome":"CONCLUSIVE_ACCEPTED","attempt_id":"8f6da881-df10-488e-aa91-a78eff82c111"}[39m
ci	E2E tests as separated API and worker DB logins	2026-09-08T04:16:33.0100978Z [04:16:33.009] [32mINFO[39m (2850): [36mworker_job_completed[39m [90m{"event":"worker_job_completed","worker_id":"e2e-worker","work_id":"06412580-7bd4-48b3-9b6c-f5e19390bfb6","operation_id":"8a8cd988-d571-4aa3-b426-7d5c96808ad0","tenant_id":"aaaaaaaa-aaaa-4aaa-8aaa-aaaaaaaaaaa1","work_kind":"SUBMIT","attempt_count":1,"elapsed_ms":10,"outcome":"SUBMITTED"}[39m
ci	E2E tests as separated API and worker DB logins	2026-09-08T04:16:33.0133470Z [04:16:33.012] [32mINFO[39m (2850): [36mprovider_submit_result[39m [90m{"event":"provider_submit_result","worker_id":"e2e-worker","work_id":"a9e20d30-e724-4ec9-9f6e-583a4a2eed9a","operation_id":"2b228530-0520-4a1f-b565-a8d27f6d6e1c","tenant_id":"aaaaaaaa-aaaa-4aaa-8aaa-aaaaaaaaaaa1","work_kind":"SUBMIT","attempt_count":1,"elapsed_ms":0,"outcome":"CONCLUSIVE_ACCEPTED","attempt_id":"2eac38f3-87ff-4d39-856a-811c5615e31e"}[39m
ci	E2E tests as separated API and worker DB logins	2026-09-08T04:16:33.0156317Z [04:16:33.015] [32mINFO[39m (2850): [36mworker_job_completed[39m [90m{"event":"worker_job_completed","worker_id":"e2e-worker","work_id":"a9e20d30-e724-4ec9-9f6e-583a4a2eed9a","operation_id":"2b228530-0520-4a1f-b565-a8d27f6d6e1c","tenant_id":"aaaaaaaa-aaaa-4aaa-8aaa-aaaaaaaaaaa1","work_kind":"SUBMIT","attempt_count":1,"elapsed_ms":5,"outcome":"SUBMITTED"}[39m
ci	E2E tests as separated API and worker DB logins	2026-09-08T04:16:33.0198117Z [04:16:33.019] [32mINFO[39m (2850): [36mhttp_request[39m [90m{"method":"POST","url":"/v1/fiscal-operations","statusCode":202,"elapsed_ms":3,"correlation_id":"0624c8a9-b81e-46f5-bb01-ef0a8108317e"}[39m
ci	E2E tests as separated API and worker DB logins	2026-09-08T04:16:33.0234521Z [04:16:33.022] [32mINFO[39m (2850): [36mprovider_submit_result[39m [90m{"event":"provider_submit_result","worker_id":"e2e-worker","work_id":"07a7047e-6351-46ea-a44e-9fc3acee700c","operation_id":"7660ea6a-8258-45a4-bd51-52dc9ff2e0dd","tenant_id":"aaaaaaaa-aaaa-4aaa-8aaa-aaaaaaaaaaa1","work_kind":"SUBMIT","attempt_count":1,"elapsed_ms":0,"outcome":"CONCLUSIVE_ACCEPTED","attempt_id":"15ddaec8-fa22-4c4b-9377-a681da28da50"}[39m
ci	E2E tests as separated API and worker DB logins	2026-09-08T04:16:33.0265093Z [04:16:33.025] [32mINFO[39m (2850): [36mworker_job_completed[39m [90m{"event":"worker_job_completed","worker_id":"e2e-worker","work_id":"07a7047e-6351-46ea-a44e-9fc3acee700c","operation_id":"7660ea6a-8258-45a4-bd51-52dc9ff2e0dd","tenant_id":"aaaaaaaa-aaaa-4aaa-8aaa-aaaaaaaaaaa1","work_kind":"SUBMIT","attempt_count":1,"elapsed_ms":5,"outcome":"SUBMITTED"}[39m
ci	E2E tests as separated API and worker DB logins	2026-09-08T04:16:33.0282793Z [04:16:33.027] [32mINFO[39m (2850): [36mhttp_request[39m [90m{"method":"GET","url":"/v1/fiscal-operations/7660ea6a-8258-45a4-bd51-52dc9ff2e0dd","statusCode":200,"elapsed_ms":1,"correlation_id":"883d303d-9e80-486d-b8cf-20b7361e1098"}[39m
ci	E2E tests as separated API and worker DB logins	2026-09-08T04:16:33.0379481Z [04:16:33.037] [32mINFO[39m (2850): [36mhttp_request[39m [90m{"method":"POST","url":"/v1/fiscal-operations","statusCode":202,"elapsed_ms":3,"correlation_id":"c8d356d2-0ded-4093-8ce9-0f34334b7038"}[39m
ci	E2E tests as separated API and worker DB logins	2026-09-08T04:16:33.0431680Z [04:16:33.042] [33mWARN[39m (2850): [36mprovider_submit_result[39m [90m{"event":"provider_submit_result","worker_id":"e2e-worker","work_id":"d9a886c7-7857-4f83-b086-963c8d303cb1","operation_id":"672eba32-5ce7-4373-8a24-6bc0a2132176","tenant_id":"aaaaaaaa-aaaa-4aaa-8aaa-aaaaaaaaaaa1","work_kind":"SUBMIT","attempt_count":1,"elapsed_ms":0,"outcome":"TRANSPORT_AMBIGUOUS","attempt_id":"06a78353-207f-480c-bb54-43fddcbf6571","normalized_code":"FAKE_AMBIGUOUS_TIMEOUT"}[39m
ci	E2E tests as separated API and worker DB logins	2026-09-08T04:16:33.0469164Z [04:16:33.045] [32mINFO[39m (2850): [36mworker_job_completed[39m [90m{"event":"worker_job_completed","worker_id":"e2e-worker","work_id":"d9a886c7-7857-4f83-b086-963c8d303cb1","operation_id":"672eba32-5ce7-4373-8a24-6bc0a2132176","tenant_id":"aaaaaaaa-aaaa-4aaa-8aaa-aaaaaaaaaaa1","work_kind":"SUBMIT","attempt_count":1,"elapsed_ms":7,"outcome":"SUBMITTED"}[39m
ci	E2E tests as separated API and worker DB logins	2026-09-08T04:16:33.0489109Z [04:16:33.048] [32mINFO[39m (2850): [36mhttp_request[39m [90m{"method":"GET","url":"/v1/fiscal-operations/672eba32-5ce7-4373-8a24-6bc0a2132176","statusCode":200,"elapsed_ms":1,"correlation_id":"e3b215bb-033b-4fdc-9eac-23d467580dfc"}[39m
ci	E2E tests as separated API and worker DB logins	2026-09-08T04:16:33.0533033Z [04:16:33.052] [32mINFO[39m (2850): [36mprovider_reconcile_result[39m [90m{"event":"provider_reconcile_result","worker_id":"e2e-worker","work_id":"d44f6ed3-4a3c-4981-b8bf-3ef4d6959574","operation_id":"672eba32-5ce7-4373-8a24-6bc0a2132176","tenant_id":"aaaaaaaa-aaaa-4aaa-8aaa-aaaaaaaaaaa1","work_kind":"RECONCILE","attempt_count":1,"elapsed_ms":0,"outcome":"FOUND_ACCEPTED","attempt_id":"06a78353-207f-480c-bb54-43fddcbf6571"}[39m
ci	E2E tests as separated API and worker DB logins	2026-09-08T04:16:33.0565056Z [04:16:33.055] [32mINFO[39m (2850): [36mworker_job_completed[39m [90m{"event":"worker_job_completed","worker_id":"e2e-worker","work_id":"d44f6ed3-4a3c-4981-b8bf-3ef4d6959574","operation_id":"672eba32-5ce7-4373-8a24-6bc0a2132176","tenant_id":"aaaaaaaa-aaaa-4aaa-8aaa-aaaaaaaaaaa1","work_kind":"RECONCILE","attempt_count":1,"elapsed_ms":5,"outcome":"RECONCILED"}[39m
ci	E2E tests as separated API and worker DB logins	2026-09-08T04:16:33.0583893Z [04:16:33.057] [32mINFO[39m (2850): [36mhttp_request[39m [90m{"method":"GET","url":"/v1/fiscal-operations/672eba32-5ce7-4373-8a24-6bc0a2132176","statusCode":200,"elapsed_ms":1,"correlation_id":"a79551a1-a87a-4cde-be91-06383a922f57"}[39m
ci	E2E tests as separated API and worker DB logins	2026-09-08T04:16:33.0634623Z [04:16:33.062] [32mINFO[39m (2850): [36mhttp_request[39m [90m{"method":"POST","url":"/v1/fiscal-operations","statusCode":202,"elapsed_ms":2,"correlation_id":"54c26864-2c61-4854-a31e-323f4363b6f4"}[39m
ci	E2E tests as separated API and worker DB logins	2026-09-08T04:16:33.0675554Z [04:16:33.066] [33mWARN[39m (2850): [36mprovider_submit_result[39m [90m{"event":"provider_submit_result","worker_id":"e2e-worker","work_id":"e18b0421-7176-445d-8055-f181a778769c","operation_id":"0e24a28e-1dc1-452b-b574-ea76e0f8d3eb","tenant_id":"aaaaaaaa-aaaa-4aaa-8aaa-aaaaaaaaaaa1","work_kind":"SUBMIT","attempt_count":1,"elapsed_ms":0,"outcome":"TRANSPORT_AMBIGUOUS","attempt_id":"cb024d37-92eb-4210-818c-c60f22ee6728","normalized_code":"FAKE_AMBIGUOUS_TIMEOUT"}[39m
ci	E2E tests as separated API and worker DB logins	2026-09-08T04:16:33.0705365Z [04:16:33.069] [32mINFO[39m (2850): [36mworker_job_completed[39m [90m{"event":"worker_job_completed","worker_id":"e2e-worker","work_id":"e18b0421-7176-445d-8055-f181a778769c","operation_id":"0e24a28e-1dc1-452b-b574-ea76e0f8d3eb","tenant_id":"aaaaaaaa-aaaa-4aaa-8aaa-aaaaaaaaaaa1","work_kind":"SUBMIT","attempt_count":1,"elapsed_ms":5,"outcome":"SUBMITTED"}[39m
ci	E2E tests as separated API and worker DB logins	2026-09-08T04:16:33.0724210Z [04:16:33.071] [32mINFO[39m (2850): [36mhttp_request[39m [90m{"method":"GET","url":"/v1/fiscal-operations/0e24a28e-1dc1-452b-b574-ea76e0f8d3eb","statusCode":200,"elapsed_ms":1,"correlation_id":"73d7316c-4658-437e-bd1d-5a2231329988"}[39m
ci	E2E tests as separated API and worker DB logins	2026-09-08T04:16:33.0779124Z [04:16:33.077] [32mINFO[39m (2850): [36mhttp_request[39m [90m{"method":"GET","url":"/v1/fiscal-operations/0e24a28e-1dc1-452b-b574-ea76e0f8d3eb","statusCode":200,"elapsed_ms":1,"correlation_id":"978880c2-9ed0-49f0-b1eb-e0793a63d94c"}[39m
ci	E2E tests as separated API and worker DB logins	2026-09-08T04:16:33.0857400Z [04:16:33.085] [32mINFO[39m (2850): [36mprovider_reconcile_result[39m [90m{"event":"provider_reconcile_result","worker_id":"e2e-worker","work_id":"b3209ab6-017a-4a45-9b3a-d7013f44411f","operation_id":"0e24a28e-1dc1-452b-b574-ea76e0f8d3eb","tenant_id":"aaaaaaaa-aaaa-4aaa-8aaa-aaaaaaaaaaa1","work_kind":"RECONCILE","attempt_count":1,"elapsed_ms":0,"outcome":"FOUND_ACCEPTED","attempt_id":"cb024d37-92eb-4210-818c-c60f22ee6728"}[39m
ci	E2E tests as separated API and worker DB logins	2026-09-08T04:16:33.0884875Z [04:16:33.087] [32mINFO[39m (2850): [36mworker_job_completed[39m [90m{"event":"worker_job_completed","worker_id":"e2e-worker","work_id":"b3209ab6-017a-4a45-9b3a-d7013f44411f","operation_id":"0e24a28e-1dc1-452b-b574-ea76e0f8d3eb","tenant_id":"aaaaaaaa-aaaa-4aaa-8aaa-aaaaaaaaaaa1","work_kind":"RECONCILE","attempt_count":1,"elapsed_ms":4,"outcome":"RECONCILED"}[39m
ci	E2E tests as separated API and worker DB logins	2026-09-08T04:16:33.0902278Z [04:16:33.089] [32mINFO[39m (2850): [36mhttp_request[39m [90m{"method":"GET","url":"/v1/fiscal-operations/0e24a28e-1dc1-452b-b574-ea76e0f8d3eb","statusCode":200,"elapsed_ms":1,"correlation_id":"628cd3e1-fc72-4996-8728-dfdcc53ef00a"}[39m
ci	E2E tests as separated API and worker DB logins	2026-09-08T04:16:33.0955171Z [04:16:33.094] [32mINFO[39m (2850): [36mhttp_request[39m [90m{"method":"POST","url":"/v1/fiscal-operations","statusCode":202,"elapsed_ms":2,"correlation_id":"389f9713-48fa-4dca-b08b-dd8acb1d8db8"}[39m
ci	E2E tests as separated API and worker DB logins	2026-09-08T04:16:33.0998290Z [04:16:33.099] [33mWARN[39m (2850): [36mprovider_submit_result[39m [90m{"event":"provider_submit_result","worker_id":"e2e-worker","work_id":"02e45aad-568c-4978-8ef6-9ced3053b099","operation_id":"2eb9e431-2a8d-49cd-982a-0f0c6437c25a","tenant_id":"aaaaaaaa-aaaa-4aaa-8aaa-aaaaaaaaaaa1","work_kind":"SUBMIT","attempt_count":1,"elapsed_ms":0,"outcome":"TRANSPORT_AMBIGUOUS","attempt_id":"73e41a73-b5eb-4937-9360-3041ff50ef4e","normalized_code":"FAKE_DELAYED_VISIBILITY"}[39m
ci	E2E tests as separated API and worker DB logins	2026-09-08T04:16:33.1028406Z [04:16:33.101] [32mINFO[39m (2850): [36mworker_job_completed[39m [90m{"event":"worker_job_completed","worker_id":"e2e-worker","work_id":"02e45aad-568c-4978-8ef6-9ced3053b099","operation_id":"2eb9e431-2a8d-49cd-982a-0f0c6437c25a","tenant_id":"aaaaaaaa-aaaa-4aaa-8aaa-aaaaaaaaaaa1","work_kind":"SUBMIT","attempt_count":1,"elapsed_ms":5,"outcome":"SUBMITTED"}[39m
ci	E2E tests as separated API and worker DB logins	2026-09-08T04:16:33.1046157Z [04:16:33.104] [32mINFO[39m (2850): [36mhttp_request[39m [90m{"method":"GET","url":"/v1/fiscal-operations/2eb9e431-2a8d-49cd-982a-0f0c6437c25a","statusCode":200,"elapsed_ms":1,"correlation_id":"de3b3b08-2794-4425-a334-7649c22784fe"}[39m
ci	E2E tests as separated API and worker DB logins	2026-09-08T04:16:33.1081089Z [04:16:33.107] [33mWARN[39m (2850): [36mprovider_reconcile_result[39m [90m{"event":"provider_reconcile_result","worker_id":"e2e-worker","work_id":"552a6104-abc0-4761-9ad9-079500f84ce1","operation_id":"2eb9e431-2a8d-49cd-982a-0f0c6437c25a","tenant_id":"aaaaaaaa-aaaa-4aaa-8aaa-aaaaaaaaaaa1","work_kind":"RECONCILE","attempt_count":1,"elapsed_ms":0,"outcome":"INDETERMINATE","attempt_id":"73e41a73-b5eb-4937-9360-3041ff50ef4e"}[39m
ci	E2E tests as separated API and worker DB logins	2026-09-08T04:16:33.1102748Z [04:16:33.109] [33mWARN[39m (2850): [36mworker_job_completed[39m [90m{"event":"worker_job_completed","worker_id":"e2e-worker","work_id":"552a6104-abc0-4761-9ad9-079500f84ce1","operation_id":"2eb9e431-2a8d-49cd-982a-0f0c6437c25a","tenant_id":"aaaaaaaa-aaaa-4aaa-8aaa-aaaaaaaaaaa1","work_kind":"RECONCILE","attempt_count":1,"elapsed_ms":4,"outcome":"RETRY_SCHEDULED"}[39m
ci	E2E tests as separated API and worker DB logins	2026-09-08T04:16:33.1120766Z [04:16:33.111] [32mINFO[39m (2850): [36mhttp_request[39m [90m{"method":"GET","url":"/v1/fiscal-operations/2eb9e431-2a8d-49cd-982a-0f0c6437c25a","statusCode":200,"elapsed_ms":1,"correlation_id":"af298b93-3b29-4c9d-a4f6-a0d9f385838d"}[39m
ci	E2E tests as separated API and worker DB logins	2026-09-08T04:16:33.1151495Z [04:16:33.114] [33mWARN[39m (2850): [36mprovider_reconcile_result[39m [90m{"event":"provider_reconcile_result","worker_id":"e2e-worker","work_id":"552a6104-abc0-4761-9ad9-079500f84ce1","operation_id":"2eb9e431-2a8d-49cd-982a-0f0c6437c25a","tenant_id":"aaaaaaaa-aaaa-4aaa-8aaa-aaaaaaaaaaa1","work_kind":"RECONCILE","attempt_count":2,"elapsed_ms":0,"outcome":"INDETERMINATE","attempt_id":"73e41a73-b5eb-4937-9360-3041ff50ef4e"}[39m
ci	E2E tests as separated API and worker DB logins	2026-09-08T04:16:33.1170025Z [04:16:33.116] [33mWARN[39m (2850): [36mworker_job_completed[39m [90m{"event":"worker_job_completed","worker_id":"e2e-worker","work_id":"552a6104-abc0-4761-9ad9-079500f84ce1","operation_id":"2eb9e431-2a8d-49cd-982a-0f0c6437c25a","tenant_id":"aaaaaaaa-aaaa-4aaa-8aaa-aaaaaaaaaaa1","work_kind":"RECONCILE","attempt_count":2,"elapsed_ms":4,"outcome":"RETRY_SCHEDULED"}[39m
ci	E2E tests as separated API and worker DB logins	2026-09-08T04:16:33.1187361Z [04:16:33.118] [32mINFO[39m (2850): [36mhttp_request[39m [90m{"method":"GET","url":"/v1/fiscal-operations/2eb9e431-2a8d-49cd-982a-0f0c6437c25a","statusCode":200,"elapsed_ms":1,"correlation_id":"95e3a164-dbfb-4743-82d3-c3ec33e7c42d"}[39m
ci	E2E tests as separated API and worker DB logins	2026-09-08T04:16:33.1214903Z [04:16:33.120] [32mINFO[39m (2850): [36mprovider_reconcile_result[39m [90m{"event":"provider_reconcile_result","worker_id":"e2e-worker","work_id":"552a6104-abc0-4761-9ad9-079500f84ce1","operation_id":"2eb9e431-2a8d-49cd-982a-0f0c6437c25a","tenant_id":"aaaaaaaa-aaaa-4aaa-8aaa-aaaaaaaaaaa1","work_kind":"RECONCILE","attempt_count":3,"elapsed_ms":0,"outcome":"FOUND_ACCEPTED","attempt_id":"73e41a73-b5eb-4937-9360-3041ff50ef4e"}[39m
ci	E2E tests as separated API and worker DB logins	2026-09-08T04:16:33.1244540Z [04:16:33.123] [32mINFO[39m (2850): [36mworker_job_completed[39m [90m{"event":"worker_job_completed","worker_id":"e2e-worker","work_id":"552a6104-abc0-4761-9ad9-079500f84ce1","operation_id":"2eb9e431-2a8d-49cd-982a-0f0c6437c25a","tenant_id":"aaaaaaaa-aaaa-4aaa-8aaa-aaaaaaaaaaa1","work_kind":"RECONCILE","attempt_count":3,"elapsed_ms":4,"outcome":"RECONCILED"}[39m
ci	E2E tests as separated API and worker DB logins	2026-09-08T04:16:33.1262023Z [04:16:33.125] [32mINFO[39m (2850): [36mhttp_request[39m [90m{"method":"GET","url":"/v1/fiscal-operations/2eb9e431-2a8d-49cd-982a-0f0c6437c25a","statusCode":200,"elapsed_ms":1,"correlation_id":"b8291cc8-ab97-4ecb-b734-f08a2c2f34f1"}[39m
ci	E2E tests as separated API and worker DB logins	2026-09-08T04:16:33.1314243Z [04:16:33.130] [32mINFO[39m (2850): [36mhttp_request[39m [90m{"method":"POST","url":"/v1/fiscal-operations","statusCode":202,"elapsed_ms":2,"correlation_id":"6f79be13-d40f-4276-9d2c-da7a1a2438c5"}[39m
ci	E2E tests as separated API and worker DB logins	2026-09-08T04:16:33.1360601Z [04:16:33.135] [32mINFO[39m (2850): [36mprovider_submit_result[39m [90m{"event":"provider_submit_result","worker_id":"e2e-worker","work_id":"2279b654-fde0-48ef-a780-1e17de1f79eb","operation_id":"3082c724-9aa7-4ff9-8817-acb109b0671a","tenant_id":"aaaaaaaa-aaaa-4aaa-8aaa-aaaaaaaaaaa1","work_kind":"SUBMIT","attempt_count":1,"elapsed_ms":0,"outcome":"TRANSPORT_PROVEN_NOT_SENT","attempt_id":"1ab48295-d485-4d6a-9b1a-ae58b8b0fbc6","normalized_code":"FAKE_PROVEN_NOT_SENT"}[39m
ci	E2E tests as separated API and worker DB logins	2026-09-08T04:16:33.1390689Z [04:16:33.138] [32mINFO[39m (2850): [36mworker_job_completed[39m [90m{"event":"worker_job_completed","worker_id":"e2e-worker","work_id":"2279b654-fde0-48ef-a780-1e17de1f79eb","operation_id":"3082c724-9aa7-4ff9-8817-acb109b0671a","tenant_id":"aaaaaaaa-aaaa-4aaa-8aaa-aaaaaaaaaaa1","work_kind":"SUBMIT","attempt_count":1,"elapsed_ms":6,"outcome":"SUBMITTED"}[39m
ci	E2E tests as separated API and worker DB logins	2026-09-08T04:16:33.1408987Z [04:16:33.140] [32mINFO[39m (2850): [36mhttp_request[39m [90m{"method":"GET","url":"/v1/fiscal-operations/3082c724-9aa7-4ff9-8817-acb109b0671a","statusCode":200,"elapsed_ms":1,"correlation_id":"0d2b114f-7b6a-4a76-862a-9911cbc152a3"}[39m
ci	E2E tests as separated API and worker DB logins	2026-09-08T04:16:33.1452963Z [04:16:33.144] [32mINFO[39m (2850): [36mprovider_submit_result[39m [90m{"event":"provider_submit_result","worker_id":"e2e-worker","work_id":"a25f5cb7-14bf-44d5-87ed-9a81c7291094","operation_id":"3082c724-9aa7-4ff9-8817-acb109b0671a","tenant_id":"aaaaaaaa-aaaa-4aaa-8aaa-aaaaaaaaaaa1","work_kind":"SUBMIT","attempt_count":1,"elapsed_ms":0,"outcome":"CONCLUSIVE_ACCEPTED","attempt_id":"84539cf3-6338-4b8f-8c85-3eca0ed61e31"}[39m
ci	E2E tests as separated API and worker DB logins	2026-09-08T04:16:33.1485226Z [04:16:33.147] [32mINFO[39m (2850): [36mworker_job_completed[39m [90m{"event":"worker_job_completed","worker_id":"e2e-worker","work_id":"a25f5cb7-14bf-44d5-87ed-9a81c7291094","operation_id":"3082c724-9aa7-4ff9-8817-acb109b0671a","tenant_id":"aaaaaaaa-aaaa-4aaa-8aaa-aaaaaaaaaaa1","work_kind":"SUBMIT","attempt_count":1,"elapsed_ms":5,"outcome":"SUBMITTED"}[39m
ci	E2E tests as separated API and worker DB logins	2026-09-08T04:16:33.1504077Z [04:16:33.149] [32mINFO[39m (2850): [36mhttp_request[39m [90m{"method":"GET","url":"/v1/fiscal-operations/3082c724-9aa7-4ff9-8817-acb109b0671a","statusCode":200,"elapsed_ms":1,"correlation_id":"f6925bb0-b1f4-4b14-9fda-fed5330efd98"}[39m
ci	E2E tests as separated API and worker DB logins	2026-09-08T04:16:33.1556815Z [04:16:33.155] [32mINFO[39m (2850): [36mhttp_request[39m [90m{"method":"POST","url":"/v1/fiscal-operations","statusCode":202,"elapsed_ms":3,"correlation_id":"3a2ae4e0-bfe6-4d1d-9cdf-c5eaa84840d8"}[39m
ci	E2E tests as separated API and worker DB logins	2026-09-08T04:16:33.1609420Z [04:16:33.160] [33mWARN[39m (2850): [36mworker_job_completed[39m [90m{"event":"worker_job_completed","worker_id":"e2e-worker","work_id":"35a90467-66d0-41ec-aeb5-f94eebae0f62","operation_id":"dcb08347-c7a7-4b28-baed-04640370d8bd","tenant_id":"aaaaaaaa-aaaa-4aaa-8aaa-aaaaaaaaaaa1","work_kind":"SUBMIT","attempt_count":1,"elapsed_ms":2,"outcome":"MUTATIONS_PAUSED"}[39m
ci	E2E tests as separated API and worker DB logins	2026-09-08T04:16:33.1628679Z [04:16:33.162] [32mINFO[39m (2850): [36mhttp_request[39m [90m{"method":"GET","url":"/v1/fiscal-operations/dcb08347-c7a7-4b28-baed-04640370d8bd","statusCode":200,"elapsed_ms":1,"correlation_id":"548c9086-2f31-43d5-8588-6b5c7ba2908c"}[39m
ci	E2E tests as separated API and worker DB logins	2026-09-08T04:16:33.1681319Z [04:16:33.167] [32mINFO[39m (2850): [36mprovider_submit_result[39m [90m{"event":"provider_submit_result","worker_id":"e2e-worker","work_id":"35a90467-66d0-41ec-aeb5-f94eebae0f62","operation_id":"dcb08347-c7a7-4b28-baed-04640370d8bd","tenant_id":"aaaaaaaa-aaaa-4aaa-8aaa-aaaaaaaaaaa1","work_kind":"SUBMIT","attempt_count":2,"elapsed_ms":0,"outcome":"CONCLUSIVE_ACCEPTED","attempt_id":"0f3d140e-28ed-4533-9948-9407adc80422"}[39m
ci	E2E tests as separated API and worker DB logins	2026-09-08T04:16:33.1710459Z [04:16:33.170] [32mINFO[39m (2850): [36mworker_job_completed[39m [90m{"event":"worker_job_completed","worker_id":"e2e-worker","work_id":"35a90467-66d0-41ec-aeb5-f94eebae0f62","operation_id":"dcb08347-c7a7-4b28-baed-04640370d8bd","tenant_id":"aaaaaaaa-aaaa-4aaa-8aaa-aaaaaaaaaaa1","work_kind":"SUBMIT","attempt_count":2,"elapsed_ms":6,"outcome":"SUBMITTED"}[39m
ci	E2E tests as separated API and worker DB logins	2026-09-08T04:16:33.1728315Z [04:16:33.172] [32mINFO[39m (2850): [36mhttp_request[39m [90m{"method":"GET","url":"/v1/fiscal-operations/dcb08347-c7a7-4b28-baed-04640370d8bd","statusCode":200,"elapsed_ms":1,"correlation_id":"af7eb0b7-fe66-4f54-a488-645045b71958"}[39m
ci	E2E tests as separated API and worker DB logins	2026-09-08T04:16:33.1774027Z [04:16:33.176] [32mINFO[39m (2850): [36mhttp_request[39m [90m{"method":"POST","url":"/v1/fiscal-operations","statusCode":202,"elapsed_ms":2,"correlation_id":"063b225c-c42b-413d-8d00-e10cfbf207c0"}[39m
ci	E2E tests as separated API and worker DB logins	2026-09-08T04:16:33.1868647Z [04:16:33.185] [33mWARN[39m (2850): [36mworker_job_completed[39m [90m{"event":"worker_job_completed","worker_id":"e2e-worker","work_id":"d6e36d5e-7f15-4013-b74b-32cab0dd92da","operation_id":"7f9600f2-ba5e-4f2d-9208-73837956d3c4","tenant_id":"aaaaaaaa-aaaa-4aaa-8aaa-aaaaaaaaaaa1","work_kind":"SUBMIT","attempt_count":2,"elapsed_ms":3,"outcome":"RECOVERED_UNKNOWN"}[39m
ci	E2E tests as separated API and worker DB logins	2026-09-08T04:16:33.1885661Z [04:16:33.188] [32mINFO[39m (2850): [36mhttp_request[39m [90m{"method":"GET","url":"/v1/fiscal-operations/7f9600f2-ba5e-4f2d-9208-73837956d3c4","statusCode":200,"elapsed_ms":0,"correlation_id":"0027c793-5ddf-4360-8458-96c0bfedcefb"}[39m
ci	E2E tests as separated API and worker DB logins	2026-09-08T04:16:33.1924970Z [04:16:33.191] [32mINFO[39m (2850): [36mprovider_reconcile_result[39m [90m{"event":"provider_reconcile_result","worker_id":"e2e-worker","work_id":"3ecbc13d-f3e9-4f1d-9968-04e339b54b97","operation_id":"7f9600f2-ba5e-4f2d-9208-73837956d3c4","tenant_id":"aaaaaaaa-aaaa-4aaa-8aaa-aaaaaaaaaaa1","work_kind":"RECONCILE","attempt_count":1,"elapsed_ms":0,"outcome":"FOUND_ACCEPTED","attempt_id":"34cba2b8-e51a-4697-b750-9cd6f5152fa8"}[39m
ci	E2E tests as separated API and worker DB logins	2026-09-08T04:16:33.1953059Z [04:16:33.193] [32mINFO[39m (2850): [36mworker_job_completed[39m [90m{"event":"worker_job_completed","worker_id":"e2e-worker","work_id":"3ecbc13d-f3e9-4f1d-9968-04e339b54b97","operation_id":"7f9600f2-ba5e-4f2d-9208-73837956d3c4","tenant_id":"aaaaaaaa-aaaa-4aaa-8aaa-aaaaaaaaaaa1","work_kind":"RECONCILE","attempt_count":1,"elapsed_ms":4,"outcome":"RECONCILED"}[39m
ci	E2E tests as separated API and worker DB logins	2026-09-08T04:16:33.1967164Z [04:16:33.196] [32mINFO[39m (2850): [36mhttp_request[39m [90m{"method":"GET","url":"/v1/fiscal-operations/7f9600f2-ba5e-4f2d-9208-73837956d3c4","statusCode":200,"elapsed_ms":1,"correlation_id":"ceebb462-1408-4d76-ad4c-066937928a0b"}[39m
ci	E2E tests as separated API and worker DB logins	2026-09-08T04:16:33.2027295Z PASS test/app.e2e-spec.ts
ci	E2E tests as separated API and worker DB logins	2026-09-08T04:16:33.3878797Z [04:16:33.371] [32mINFO[39m (2850): [36mhttp_request[39m [90m{"method":"POST","url":"/v1/fiscal-operations","statusCode":202,"elapsed_ms":8,"correlation_id":"5f93679d-90c1-47d2-ba4e-75dc88286739"}[39m
ci	E2E tests as separated API and worker DB logins	2026-09-08T04:16:33.4100615Z [04:16:33.408] [32mINFO[39m (2850): [36mhttp_request[39m [90m{"method":"GET","url":"/v1/fiscal-operations/06e46a90-7532-4614-9799-d0c041040de7","statusCode":200,"elapsed_ms":2,"correlation_id":"f824a95e-e146-4439-82f2-3df226d66452"}[39m
ci	E2E tests as separated API and worker DB logins	2026-09-08T04:16:33.4221144Z [04:16:33.420] [32mINFO[39m (2850): [36mhttp_request[39m [90m{"method":"POST","url":"/v1/fiscal-operations","statusCode":202,"elapsed_ms":6,"correlation_id":"d90fd254-4764-4be6-8e3e-f58b8e3de1b3"}[39m
ci	E2E tests as separated API and worker DB logins	2026-09-08T04:16:33.4295440Z [04:16:33.428] [32mINFO[39m (2850): [36mhttp_request[39m [90m{"method":"POST","url":"/v1/fiscal-operations","statusCode":202,"elapsed_ms":7,"correlation_id":"f8702cb7-d99e-4c7e-a671-ae758cfb239a"}[39m
ci	E2E tests as separated API and worker DB logins	2026-09-08T04:16:33.4301606Z [04:16:33.429] [32mINFO[39m (2850): [36mhttp_request[39m [90m{"method":"POST","url":"/v1/fiscal-operations","statusCode":202,"elapsed_ms":7,"correlation_id":"c727e66a-436b-4449-b839-a7eddfbc2015"}[39m
ci	E2E tests as separated API and worker DB logins	2026-09-08T04:16:33.4329184Z [04:16:33.432] [32mINFO[39m (2850): [36mhttp_request[39m [90m{"method":"POST","url":"/v1/fiscal-operations","statusCode":202,"elapsed_ms":9,"correlation_id":"fb45e2b3-10d8-45a4-8c1e-38becc6e53e4"}[39m
ci	E2E tests as separated API and worker DB logins	2026-09-08T04:16:33.4336396Z [04:16:33.432] [32mINFO[39m (2850): [36mhttp_request[39m [90m{"method":"POST","url":"/v1/fiscal-operations","statusCode":202,"elapsed_ms":8,"correlation_id":"dbe53bc4-6a7a-4bf4-b2f6-51360554aaeb"}[39m
ci	E2E tests as separated API and worker DB logins	2026-09-08T04:16:33.4347201Z [04:16:33.433] [32mINFO[39m (2850): [36mhttp_request[39m [90m{"method":"POST","url":"/v1/fiscal-operations","statusCode":202,"elapsed_ms":10,"correlation_id":"1bf90c5b-fd97-4fdc-862d-aff60092201e"}[39m
ci	E2E tests as separated API and worker DB logins	2026-09-08T04:16:33.4365809Z [04:16:33.435] [32mINFO[39m (2850): [36mhttp_request[39m [90m{"method":"POST","url":"/v1/fiscal-operations","statusCode":202,"elapsed_ms":10,"correlation_id":"e3adb443-f60b-45e8-b06d-4afa66bf43e1"}[39m
ci	E2E tests as separated API and worker DB logins	2026-09-08T04:16:33.4373938Z [04:16:33.436] [32mINFO[39m (2850): [36mhttp_request[39m [90m{"method":"POST","url":"/v1/fiscal-operations","statusCode":202,"elapsed_ms":10,"correlation_id":"dfd6220b-e93a-44c0-a86a-fd8b44a59019"}[39m
ci	E2E tests as separated API and worker DB logins	2026-09-08T04:16:33.4457250Z [04:16:33.444] [32mINFO[39m (2850): [36mhttp_request[39m [90m{"method":"POST","url":"/v1/fiscal-operations","statusCode":202,"elapsed_ms":5,"correlation_id":"f84b8812-64f8-405e-b81c-2d826624d9fb"}[39m
ci	E2E tests as separated API and worker DB logins	2026-09-08T04:16:33.4469288Z [04:16:33.446] [32mINFO[39m (2850): [36mhttp_request[39m [90m{"method":"POST","url":"/v1/fiscal-operations","statusCode":202,"elapsed_ms":6,"correlation_id":"8419d5a8-c2d5-4d4b-967e-44a3c26a0cbf"}[39m
ci	E2E tests as separated API and worker DB logins	2026-09-08T04:16:33.4499389Z [04:16:33.449] [32mINFO[39m (2850): [36mhttp_request[39m [90m{"method":"POST","url":"/v1/fiscal-operations","statusCode":202,"elapsed_ms":8,"correlation_id":"badabae4-d2cb-46cf-a744-68f763f4bd81"}[39m
ci	E2E tests as separated API and worker DB logins	2026-09-08T04:16:33.4520398Z [04:16:33.451] [32mINFO[39m (2850): [36mhttp_request[39m [90m{"method":"POST","url":"/v1/fiscal-operations","statusCode":202,"elapsed_ms":9,"correlation_id":"d5cdb0d8-ec1f-4015-af03-7283e46fc08f"}[39m
ci	E2E tests as separated API and worker DB logins	2026-09-08T04:16:33.4528509Z [04:16:33.452] [32mINFO[39m (2850): [36mhttp_request[39m [90m{"method":"POST","url":"/v1/fiscal-operations","statusCode":202,"elapsed_ms":7,"correlation_id":"27153745-c49c-42d5-a848-3b5231a70090"}[39m
ci	E2E tests as separated API and worker DB logins	2026-09-08T04:16:33.4539821Z [04:16:33.453] [32mINFO[39m (2850): [36mhttp_request[39m [90m{"method":"POST","url":"/v1/fiscal-operations","statusCode":202,"elapsed_ms":7,"correlation_id":"4db4da75-9e0d-46bc-a2df-23ad49c66386"}[39m
ci	E2E tests as separated API and worker DB logins	2026-09-08T04:16:33.4557203Z [04:16:33.455] [32mINFO[39m (2850): [36mhttp_request[39m [90m{"method":"POST","url":"/v1/fiscal-operations","statusCode":202,"elapsed_ms":8,"correlation_id":"83ea3795-3e08-4360-93e9-b8da5613479f"}[39m
ci	E2E tests as separated API and worker DB logins	2026-09-08T04:16:33.4562852Z [04:16:33.455] [32mINFO[39m (2850): [36mhttp_request[39m [90m{"method":"POST","url":"/v1/fiscal-operations","statusCode":202,"elapsed_ms":7,"correlation_id":"0cfec4e5-d2bc-40a5-acba-0ea5442941f3"}[39m
ci	E2E tests as separated API and worker DB logins	2026-09-08T04:16:33.4649892Z [04:16:33.464] [32mINFO[39m (2850): [36mhttp_request[39m [90m{"method":"POST","url":"/v1/fiscal-operations","statusCode":202,"elapsed_ms":6,"correlation_id":"c1ab11b4-bd33-411f-b5d2-eea81b2682a5"}[39m
ci	E2E tests as separated API and worker DB logins	2026-09-08T04:16:33.4662187Z [04:16:33.465] [32mINFO[39m (2850): [36mhttp_request[39m [90m{"method":"POST","url":"/v1/fiscal-operations","statusCode":202,"elapsed_ms":6,"correlation_id":"25a919c3-45ba-416b-80b3-b0bb31114599"}[39m
ci	E2E tests as separated API and worker DB logins	2026-09-08T04:16:33.4674621Z [04:16:33.466] [32mINFO[39m (2850): [36mhttp_request[39m [90m{"method":"POST","url":"/v1/fiscal-operations","statusCode":202,"elapsed_ms":7,"correlation_id":"d0ac0fcd-d242-4a55-ab87-a8e3ec319a69"}[39m
ci	E2E tests as separated API and worker DB logins	2026-09-08T04:16:33.4719055Z [04:16:33.470] [32mINFO[39m (2850): [36mhttp_request[39m [90m{"method":"POST","url":"/v1/fiscal-operations","statusCode":202,"elapsed_ms":10,"correlation_id":"cf2f1894-70a3-4e07-b241-734911664268"}[39m
ci	E2E tests as separated API and worker DB logins	2026-09-08T04:16:33.4724909Z [04:16:33.471] [32mINFO[39m (2850): [36mhttp_request[39m [90m{"method":"POST","url":"/v1/fiscal-operations","statusCode":202,"elapsed_ms":7,"correlation_id":"508f36fe-6de0-4a9d-81a3-1c6149d3ce22"}[39m
ci	E2E tests as separated API and worker DB logins	2026-09-08T04:16:33.4733190Z [04:16:33.472] [32mINFO[39m (2850): [36mhttp_request[39m [90m{"method":"POST","url":"/v1/fiscal-operations","statusCode":202,"elapsed_ms":6,"correlation_id":"a713c74e-c003-47ba-aac8-42bc1da1aaad"}[39m
ci	E2E tests as separated API and worker DB logins	2026-09-08T04:16:33.4754103Z [04:16:33.474] [32mINFO[39m (2850): [36mhttp_request[39m [90m{"method":"POST","url":"/v1/fiscal-operations","statusCode":202,"elapsed_ms":7,"correlation_id":"fa8db867-e7ae-4790-b8fc-10e216549e62"}[39m
ci	E2E tests as separated API and worker DB logins	2026-09-08T04:16:33.4761429Z [04:16:33.475] [32mINFO[39m (2850): [36mhttp_request[39m [90m{"method":"POST","url":"/v1/fiscal-operations","statusCode":202,"elapsed_ms":8,"correlation_id":"72c75981-5609-4034-8b40-3385244c0656"}[39m
ci	E2E tests as separated API and worker DB logins	2026-09-08T04:16:33.4842526Z [04:16:33.483] [32mINFO[39m (2850): [36mhttp_request[39m [90m{"method":"POST","url":"/v1/fiscal-operations","statusCode":202,"elapsed_ms":5,"correlation_id":"beb570f1-3b5e-4c0a-bac1-3111cca6d576"}[39m
ci	E2E tests as separated API and worker DB logins	2026-09-08T04:16:33.4854244Z [04:16:33.484] [32mINFO[39m (2850): [36mhttp_request[39m [90m{"method":"POST","url":"/v1/fiscal-operations","statusCode":202,"elapsed_ms":4,"correlation_id":"48831dab-22e7-453b-a3af-c2c601c7a661"}[39m
ci	E2E tests as separated API and worker DB logins	2026-09-08T04:16:33.4864318Z [04:16:33.485] [32mINFO[39m (2850): [36mhttp_request[39m [90m{"method":"POST","url":"/v1/fiscal-operations","statusCode":202,"elapsed_ms":6,"correlation_id":"d2707a2e-9f17-4817-987d-e64568ef24c5"}[39m
ci	E2E tests as separated API and worker DB logins	2026-09-08T04:16:33.4902209Z [04:16:33.489] [32mINFO[39m (2850): [36mhttp_request[39m [90m{"method":"POST","url":"/v1/fiscal-operations","statusCode":202,"elapsed_ms":8,"correlation_id":"7335498e-b75b-45b5-a3c1-c1d270ba3fc9"}[39m
ci	E2E tests as separated API and worker DB logins	2026-09-08T04:16:33.4912857Z [04:16:33.490] [32mINFO[39m (2850): [36mhttp_request[39m [90m{"method":"POST","url":"/v1/fiscal-operations","statusCode":202,"elapsed_ms":5,"correlation_id":"9b483b30-8545-4ebf-aa72-b18ba2ca0a84"}[39m
ci	E2E tests as separated API and worker DB logins	2026-09-08T04:16:33.4918964Z [04:16:33.490] [32mINFO[39m (2850): [36mhttp_request[39m [90m{"method":"POST","url":"/v1/fiscal-operations","statusCode":202,"elapsed_ms":6,"correlation_id":"60cd3809-f9b5-48b2-a730-47371b9efad8"}[39m
ci	E2E tests as separated API and worker DB logins	2026-09-08T04:16:33.4933204Z [04:16:33.492] [32mINFO[39m (2850): [36mhttp_request[39m [90m{"method":"POST","url":"/v1/fiscal-operations","statusCode":202,"elapsed_ms":6,"correlation_id":"bb2e2023-a6e4-412e-9ae7-17e369592eb0"}[39m
ci	E2E tests as separated API and worker DB logins	2026-09-08T04:16:33.4944820Z [04:16:33.493] [32mINFO[39m (2850): [36mhttp_request[39m [90m{"method":"POST","url":"/v1/fiscal-operations","statusCode":202,"elapsed_ms":7,"correlation_id":"d4eb83ab-3f76-4c78-9bf7-913a8c8e250f"}[39m
ci	E2E tests as separated API and worker DB logins	2026-09-08T04:16:33.5017007Z [04:16:33.501] [32mINFO[39m (2850): [36mhttp_request[39m [90m{"method":"POST","url":"/v1/fiscal-operations","statusCode":202,"elapsed_ms":5,"correlation_id":"e2cbf694-c0ed-421a-bdb3-1c254e16d3db"}[39m
ci	E2E tests as separated API and worker DB logins	2026-09-08T04:16:33.5027295Z [04:16:33.502] [32mINFO[39m (2850): [36mhttp_request[39m [90m{"method":"POST","url":"/v1/fiscal-operations","statusCode":202,"elapsed_ms":5,"correlation_id":"6df6ae55-df2e-4987-9259-027357ee5b2a"}[39m
ci	E2E tests as separated API and worker DB logins	2026-09-08T04:16:33.5052402Z [04:16:33.504] [32mINFO[39m (2850): [36mhttp_request[39m [90m{"method":"POST","url":"/v1/fiscal-operations","statusCode":202,"elapsed_ms":6,"correlation_id":"77be869c-020c-49fa-a427-a62a520f66c7"}[39m
ci	E2E tests as separated API and worker DB logins	2026-09-08T04:16:33.5073241Z [04:16:33.506] [32mINFO[39m (2850): [36mhttp_request[39m [90m{"method":"POST","url":"/v1/fiscal-operations","statusCode":202,"elapsed_ms":8,"correlation_id":"c40de384-b71d-41f9-8764-f5fcb060818a"}[39m
ci	E2E tests as separated API and worker DB logins	2026-09-08T04:16:33.5087475Z [04:16:33.508] [32mINFO[39m (2850): [36mhttp_request[39m [90m{"method":"POST","url":"/v1/fiscal-operations","statusCode":202,"elapsed_ms":6,"correlation_id":"910ca388-9280-4d32-9802-e65075373554"}[39m
ci	E2E tests as separated API and worker DB logins	2026-09-08T04:16:33.5089461Z [04:16:33.508] [32mINFO[39m (2850): [36mhttp_request[39m [90m{"method":"POST","url":"/v1/fiscal-operations","statusCode":202,"elapsed_ms":7,"correlation_id":"528a7a12-5354-4961-9702-bb3fccb65ff6"}[39m
ci	E2E tests as separated API and worker DB logins	2026-09-08T04:16:33.5102873Z [04:16:33.509] [32mINFO[39m (2850): [36mhttp_request[39m [90m{"method":"POST","url":"/v1/fiscal-operations","statusCode":202,"elapsed_ms":6,"correlation_id":"90eead9e-c012-413f-80a8-f1c4ff3d63b0"}[39m
ci	E2E tests as separated API and worker DB logins	2026-09-08T04:16:33.5116577Z [04:16:33.511] [32mINFO[39m (2850): [36mhttp_request[39m [90m{"method":"POST","url":"/v1/fiscal-operations","statusCode":202,"elapsed_ms":7,"correlation_id":"c80a3f14-8097-48a3-8f0a-1800a8b6ff37"}[39m
ci	E2E tests as separated API and worker DB logins	2026-09-08T04:16:33.5200423Z [04:16:33.516] [32mINFO[39m (2850): [36mprovider_submit_result[39m [90m{"event":"provider_submit_result","worker_id":"fault-worker-a","work_id":"a13cebdb-e540-4156-b6ec-316e4eb229f4","operation_id":"5dba0729-e500-43a6-ba97-16e72adb731a","tenant_id":"aaaaaaaa-aaaa-4aaa-8aaa-aaaaaaaaaaa1","work_kind":"SUBMIT","attempt_count":1,"elapsed_ms":0,"outcome":"CONCLUSIVE_ACCEPTED","attempt_id":"904eea4f-18c1-4577-8679-96ae5b5620bb"}[39m
ci	E2E tests as separated API and worker DB logins	2026-09-08T04:16:33.5211404Z [04:16:33.519] [32mINFO[39m (2850): [36mworker_job_completed[39m [90m{"event":"worker_job_completed","worker_id":"fault-worker-a","work_id":"a13cebdb-e540-4156-b6ec-316e4eb229f4","operation_id":"5dba0729-e500-43a6-ba97-16e72adb731a","tenant_id":"aaaaaaaa-aaaa-4aaa-8aaa-aaaaaaaaaaa1","work_kind":"SUBMIT","attempt_count":1,"elapsed_ms":5,"outcome":"SUBMITTED"}[39m
ci	E2E tests as separated API and worker DB logins	2026-09-08T04:16:33.5239827Z [04:16:33.523] [32mINFO[39m (2850): [36mprovider_submit_result[39m [90m{"event":"provider_submit_result","worker_id":"fault-worker-a","work_id":"1fc0031a-f46f-4ea7-8326-24abb4a74fab","operation_id":"a5fc73bf-68ba-4fc0-a5e8-4e56a4b22001","tenant_id":"aaaaaaaa-aaaa-4aaa-8aaa-aaaaaaaaaaa1","work_kind":"SUBMIT","attempt_count":1,"elapsed_ms":0,"outcome":"CONCLUSIVE_ACCEPTED","attempt_id":"700a3ad6-97f1-4925-9186-f7d4005eb414"}[39m
ci	E2E tests as separated API and worker DB logins	2026-09-08T04:16:33.5261763Z [04:16:33.525] [32mINFO[39m (2850): [36mworker_job_completed[39m [90m{"event":"worker_job_completed","worker_id":"fault-worker-a","work_id":"1fc0031a-f46f-4ea7-8326-24abb4a74fab","operation_id":"a5fc73bf-68ba-4fc0-a5e8-4e56a4b22001","tenant_id":"aaaaaaaa-aaaa-4aaa-8aaa-aaaaaaaaaaa1","work_kind":"SUBMIT","attempt_count":1,"elapsed_ms":5,"outcome":"SUBMITTED"}[39m
ci	E2E tests as separated API and worker DB logins	2026-09-08T04:16:33.5301201Z [04:16:33.529] [32mINFO[39m (2850): [36mprovider_submit_result[39m [90m{"event":"provider_submit_result","worker_id":"fault-worker-a","work_id":"2e8028e6-240e-4e4b-8782-5360b449e689","operation_id":"e866bf82-0e4f-4fd0-aad4-05f790e3084b","tenant_id":"aaaaaaaa-aaaa-4aaa-8aaa-aaaaaaaaaaa1","work_kind":"SUBMIT","attempt_count":1,"elapsed_ms":0,"outcome":"CONCLUSIVE_ACCEPTED","attempt_id":"b2e95065-2bda-4220-bf0c-1672940768a1"}[39m
ci	E2E tests as separated API and worker DB logins	2026-09-08T04:16:33.5323222Z [04:16:33.531] [32mINFO[39m (2850): [36mworker_job_completed[39m [90m{"event":"worker_job_completed","worker_id":"fault-worker-a","work_id":"2e8028e6-240e-4e4b-8782-5360b449e689","operation_id":"e866bf82-0e4f-4fd0-aad4-05f790e3084b","tenant_id":"aaaaaaaa-aaaa-4aaa-8aaa-aaaaaaaaaaa1","work_kind":"SUBMIT","attempt_count":1,"elapsed_ms":5,"outcome":"SUBMITTED"}[39m
ci	E2E tests as separated API and worker DB logins	2026-09-08T04:16:33.5361091Z [04:16:33.535] [32mINFO[39m (2850): [36mprovider_submit_result[39m [90m{"event":"provider_submit_result","worker_id":"fault-worker-a","work_id":"01f1e3b3-5f94-4a94-828a-5b0f36460d15","operation_id":"bb3e69c8-cc85-430f-9a24-a965fce8675e","tenant_id":"aaaaaaaa-aaaa-4aaa-8aaa-aaaaaaaaaaa1","work_kind":"SUBMIT","attempt_count":1,"elapsed_ms":0,"outcome":"CONCLUSIVE_ACCEPTED","attempt_id":"1331e704-ddba-4673-b566-850c52d6d62d"}[39m
ci	E2E tests as separated API and worker DB logins	2026-09-08T04:16:33.5383990Z [04:16:33.537] [32mINFO[39m (2850): [36mworker_job_completed[39m [90m{"event":"worker_job_completed","worker_id":"fault-worker-a","work_id":"01f1e3b3-5f94-4a94-828a-5b0f36460d15","operation_id":"bb3e69c8-cc85-430f-9a24-a965fce8675e","tenant_id":"aaaaaaaa-aaaa-4aaa-8aaa-aaaaaaaaaaa1","work_kind":"SUBMIT","attempt_count":1,"elapsed_ms":5,"outcome":"SUBMITTED"}[39m
ci	E2E tests as separated API and worker DB logins	2026-09-08T04:16:33.5414196Z [04:16:33.540] [32mINFO[39m (2850): [36mprovider_submit_result[39m [90m{"event":"provider_submit_result","worker_id":"fault-worker-a","work_id":"0741064e-f18e-4f45-b604-e0138725e989","operation_id":"6f7df044-ca5d-4e75-91f2-c5d841c54368","tenant_id":"aaaaaaaa-aaaa-4aaa-8aaa-aaaaaaaaaaa1","work_kind":"SUBMIT","attempt_count":1,"elapsed_ms":0,"outcome":"CONCLUSIVE_ACCEPTED","attempt_id":"20cd348e-84fd-4b78-94d9-3442e70f6b3c"}[39m
ci	E2E tests as separated API and worker DB logins	2026-09-08T04:16:33.5438741Z [04:16:33.542] [32mINFO[39m (2850): [36mworker_job_completed[39m [90m{"event":"worker_job_completed","worker_id":"fault-worker-a","work_id":"0741064e-f18e-4f45-b604-e0138725e989","operation_id":"6f7df044-ca5d-4e75-91f2-c5d841c54368","tenant_id":"aaaaaaaa-aaaa-4aaa-8aaa-aaaaaaaaaaa1","work_kind":"SUBMIT","attempt_count":1,"elapsed_ms":4,"outcome":"SUBMITTED"}[39m
ci	E2E tests as separated API and worker DB logins	2026-09-08T04:16:33.5474585Z [04:16:33.546] [32mINFO[39m (2850): [36mprovider_submit_result[39m [90m{"event":"provider_submit_result","worker_id":"fault-worker-a","work_id":"a4a14443-fbfc-48a0-8a90-73bde22224d8","operation_id":"19c4b4ae-c726-4b79-a926-99a38fb3198e","tenant_id":"aaaaaaaa-aaaa-4aaa-8aaa-aaaaaaaaaaa1","work_kind":"SUBMIT","attempt_count":1,"elapsed_ms":0,"outcome":"CONCLUSIVE_ACCEPTED","attempt_id":"93994627-f461-4a44-85c6-acdf5ad574fb"}[39m
ci	E2E tests as separated API and worker DB logins	2026-09-08T04:16:33.5504668Z [04:16:33.549] [32mINFO[39m (2850): [36mworker_job_completed[39m [90m{"event":"worker_job_completed","worker_id":"fault-worker-a","work_id":"a4a14443-fbfc-48a0-8a90-73bde22224d8","operation_id":"19c4b4ae-c726-4b79-a926-99a38fb3198e","tenant_id":"aaaaaaaa-aaaa-4aaa-8aaa-aaaaaaaaaaa1","work_kind":"SUBMIT","attempt_count":1,"elapsed_ms":6,"outcome":"SUBMITTED"}[39m
ci	E2E tests as separated API and worker DB logins	2026-09-08T04:16:33.5536136Z [04:16:33.552] [32mINFO[39m (2850): [36mprovider_submit_result[39m [90m{"event":"provider_submit_result","worker_id":"fault-worker-a","work_id":"69ba009c-ed15-43bf-80eb-ea0aa451b44a","operation_id":"368d0dd2-2c9a-4e15-9958-2f77ce40839b","tenant_id":"aaaaaaaa-aaaa-4aaa-8aaa-aaaaaaaaaaa1","work_kind":"SUBMIT","attempt_count":1,"elapsed_ms":0,"outcome":"CONCLUSIVE_ACCEPTED","attempt_id":"f9fd07ab-223d-470f-b4de-697fdea6781b"}[39m
ci	E2E tests as separated API and worker DB logins	2026-09-08T04:16:33.5560822Z [04:16:33.555] [32mINFO[39m (2850): [36mworker_job_completed[39m [90m{"event":"worker_job_completed","worker_id":"fault-worker-a","work_id":"69ba009c-ed15-43bf-80eb-ea0aa451b44a","operation_id":"368d0dd2-2c9a-4e15-9958-2f77ce40839b","tenant_id":"aaaaaaaa-aaaa-4aaa-8aaa-aaaaaaaaaaa1","work_kind":"SUBMIT","attempt_count":1,"elapsed_ms":5,"outcome":"SUBMITTED"}[39m
ci	E2E tests as separated API and worker DB logins	2026-09-08T04:16:33.5594293Z [04:16:33.558] [32mINFO[39m (2850): [36mprovider_submit_result[39m [90m{"event":"provider_submit_result","worker_id":"fault-worker-a","work_id":"a8b70ae3-b6e7-4324-abdc-35bb31086ea8","operation_id":"5ef7aaa9-78e9-4de5-b25c-5c34c1aa1216","tenant_id":"aaaaaaaa-aaaa-4aaa-8aaa-aaaaaaaaaaa1","work_kind":"SUBMIT","attempt_count":1,"elapsed_ms":0,"outcome":"CONCLUSIVE_ACCEPTED","attempt_id":"13b03757-8496-4dc1-9797-6c3e4a59a9ff"}[39m
ci	E2E tests as separated API and worker DB logins	2026-09-08T04:16:33.5616580Z [04:16:33.561] [32mINFO[39m (2850): [36mworker_job_completed[39m [90m{"event":"worker_job_completed","worker_id":"fault-worker-a","work_id":"a8b70ae3-b6e7-4324-abdc-35bb31086ea8","operation_id":"5ef7aaa9-78e9-4de5-b25c-5c34c1aa1216","tenant_id":"aaaaaaaa-aaaa-4aaa-8aaa-aaaaaaaaaaa1","work_kind":"SUBMIT","attempt_count":1,"elapsed_ms":5,"outcome":"SUBMITTED"}[39m
ci	E2E tests as separated API and worker DB logins	2026-09-08T04:16:33.5646965Z [04:16:33.564] [32mINFO[39m (2850): [36mprovider_submit_result[39m [90m{"event":"provider_submit_result","worker_id":"fault-worker-a","work_id":"c0fc7d76-e158-493a-b15c-5e59d04f90c1","operation_id":"f5e89716-30e9-42b4-bb31-3955a5d74ae3","tenant_id":"aaaaaaaa-aaaa-4aaa-8aaa-aaaaaaaaaaa1","work_kind":"SUBMIT","attempt_count":1,"elapsed_ms":0,"outcome":"CONCLUSIVE_ACCEPTED","attempt_id":"a87d1f91-c138-497c-b819-c26ad5349f62"}[39m
ci	E2E tests as separated API and worker DB logins	2026-09-08T04:16:33.5671048Z [04:16:33.566] [32mINFO[39m (2850): [36mworker_job_completed[39m [90m{"event":"worker_job_completed","worker_id":"fault-worker-a","work_id":"c0fc7d76-e158-493a-b15c-5e59d04f90c1","operation_id":"f5e89716-30e9-42b4-bb31-3955a5d74ae3","tenant_id":"aaaaaaaa-aaaa-4aaa-8aaa-aaaaaaaaaaa1","work_kind":"SUBMIT","attempt_count":1,"elapsed_ms":4,"outcome":"SUBMITTED"}[39m
ci	E2E tests as separated API and worker DB logins	2026-09-08T04:16:33.5702580Z [04:16:33.569] [32mINFO[39m (2850): [36mprovider_submit_result[39m [90m{"event":"provider_submit_result","worker_id":"fault-worker-a","work_id":"d480674a-413b-4dcb-8a3d-da3db15c5e29","operation_id":"4bcaa145-4b7c-43fd-9eb8-b3e78382aba3","tenant_id":"aaaaaaaa-aaaa-4aaa-8aaa-aaaaaaaaaaa1","work_kind":"SUBMIT","attempt_count":1,"elapsed_ms":0,"outcome":"CONCLUSIVE_ACCEPTED","attempt_id":"f3b63f34-a760-4584-af54-3f0d62ad2ff9"}[39m
ci	E2E tests as separated API and worker DB logins	2026-09-08T04:16:33.5724315Z [04:16:33.571] [32mINFO[39m (2850): [36mworker_job_completed[39m [90m{"event":"worker_job_completed","worker_id":"fault-worker-a","work_id":"d480674a-413b-4dcb-8a3d-da3db15c5e29","operation_id":"4bcaa145-4b7c-43fd-9eb8-b3e78382aba3","tenant_id":"aaaaaaaa-aaaa-4aaa-8aaa-aaaaaaaaaaa1","work_kind":"SUBMIT","attempt_count":1,"elapsed_ms":4,"outcome":"SUBMITTED"}[39m
ci	E2E tests as separated API and worker DB logins	2026-09-08T04:16:33.5756100Z [04:16:33.575] [32mINFO[39m (2850): [36mprovider_submit_result[39m [90m{"event":"provider_submit_result","worker_id":"fault-worker-a","work_id":"0e57cfb3-bef4-4297-8bfd-3f646986d66f","operation_id":"56686e9d-7159-4437-8b4d-a6bdd2b5d526","tenant_id":"aaaaaaaa-aaaa-4aaa-8aaa-aaaaaaaaaaa1","work_kind":"SUBMIT","attempt_count":1,"elapsed_ms":1,"outcome":"CONCLUSIVE_ACCEPTED","attempt_id":"9eb7edf9-cd4e-4330-a79e-569796d15da3"}[39m
ci	E2E tests as separated API and worker DB logins	2026-09-08T04:16:33.5774934Z [04:16:33.577] [32mINFO[39m (2850): [36mworker_job_completed[39m [90m{"event":"worker_job_completed","worker_id":"fault-worker-a","work_id":"0e57cfb3-bef4-4297-8bfd-3f646986d66f","operation_id":"56686e9d-7159-4437-8b4d-a6bdd2b5d526","tenant_id":"aaaaaaaa-aaaa-4aaa-8aaa-aaaaaaaaaaa1","work_kind":"SUBMIT","attempt_count":1,"elapsed_ms":4,"outcome":"SUBMITTED"}[39m
ci	E2E tests as separated API and worker DB logins	2026-09-08T04:16:33.5802998Z [04:16:33.579] [32mINFO[39m (2850): [36mprovider_submit_result[39m [90m{"event":"provider_submit_result","worker_id":"fault-worker-a","work_id":"04f6a460-0a7c-4318-be7c-ace9441e8134","operation_id":"b7b0473c-7009-4b71-b7af-06da688391e8","tenant_id":"aaaaaaaa-aaaa-4aaa-8aaa-aaaaaaaaaaa1","work_kind":"SUBMIT","attempt_count":1,"elapsed_ms":0,"outcome":"CONCLUSIVE_ACCEPTED","attempt_id":"b917f975-425e-4c25-b51b-148015a34deb"}[39m
ci	E2E tests as separated API and worker DB logins	2026-09-08T04:16:33.5827674Z [04:16:33.582] [32mINFO[39m (2850): [36mworker_job_completed[39m [90m{"event":"worker_job_completed","worker_id":"fault-worker-a","work_id":"04f6a460-0a7c-4318-be7c-ace9441e8134","operation_id":"b7b0473c-7009-4b71-b7af-06da688391e8","tenant_id":"aaaaaaaa-aaaa-4aaa-8aaa-aaaaaaaaaaa1","work_kind":"SUBMIT","attempt_count":1,"elapsed_ms":5,"outcome":"SUBMITTED"}[39m
ci	E2E tests as separated API and worker DB logins	2026-09-08T04:16:33.5854837Z [04:16:33.584] [32mINFO[39m (2850): [36mprovider_submit_result[39m [90m{"event":"provider_submit_result","worker_id":"fault-worker-a","work_id":"0c00b72c-1d06-4b08-9ed1-c988bcf23752","operation_id":"7941557d-383c-4869-a899-d23e8d7d4f83","tenant_id":"aaaaaaaa-aaaa-4aaa-8aaa-aaaaaaaaaaa1","work_kind":"SUBMIT","attempt_count":1,"elapsed_ms":0,"outcome":"CONCLUSIVE_ACCEPTED","attempt_id":"6d2fab4e-e347-4817-a914-52d678fb86c4"}[39m
ci	E2E tests as separated API and worker DB logins	2026-09-08T04:16:33.5877210Z [04:16:33.587] [32mINFO[39m (2850): [36mworker_job_completed[39m [90m{"event":"worker_job_completed","worker_id":"fault-worker-a","work_id":"0c00b72c-1d06-4b08-9ed1-c988bcf23752","operation_id":"7941557d-383c-4869-a899-d23e8d7d4f83","tenant_id":"aaaaaaaa-aaaa-4aaa-8aaa-aaaaaaaaaaa1","work_kind":"SUBMIT","attempt_count":1,"elapsed_ms":4,"outcome":"SUBMITTED"}[39m
ci	E2E tests as separated API and worker DB logins	2026-09-08T04:16:33.5905897Z [04:16:33.589] [32mINFO[39m (2850): [36mprovider_submit_result[39m [90m{"event":"provider_submit_result","worker_id":"fault-worker-a","work_id":"2b337afc-9285-48d7-804e-6d9f7f95e9e9","operation_id":"1d7929ee-f6f6-4fd6-80f5-2f727cd78ccc","tenant_id":"aaaaaaaa-aaaa-4aaa-8aaa-aaaaaaaaaaa1","work_kind":"SUBMIT","attempt_count":1,"elapsed_ms":0,"outcome":"CONCLUSIVE_ACCEPTED","attempt_id":"cc7c7cb6-1ada-482b-958c-85f8d8a0cb9e"}[39m
ci	E2E tests as separated API and worker DB logins	2026-09-08T04:16:33.5927310Z [04:16:33.592] [32mINFO[39m (2850): [36mworker_job_completed[39m [90m{"event":"worker_job_completed","worker_id":"fault-worker-a","work_id":"2b337afc-9285-48d7-804e-6d9f7f95e9e9","operation_id":"1d7929ee-f6f6-4fd6-80f5-2f727cd78ccc","tenant_id":"aaaaaaaa-aaaa-4aaa-8aaa-aaaaaaaaaaa1","work_kind":"SUBMIT","attempt_count":1,"elapsed_ms":5,"outcome":"SUBMITTED"}[39m
ci	E2E tests as separated API and worker DB logins	2026-09-08T04:16:33.5957434Z [04:16:33.595] [32mINFO[39m (2850): [36mprovider_submit_result[39m [90m{"event":"provider_submit_result","worker_id":"fault-worker-a","work_id":"ccd9d8e5-cf7e-4d21-ae70-d25bc00ee439","operation_id":"3d26d644-614f-4228-92b0-044cdde8bc02","tenant_id":"aaaaaaaa-aaaa-4aaa-8aaa-aaaaaaaaaaa1","work_kind":"SUBMIT","attempt_count":1,"elapsed_ms":0,"outcome":"CONCLUSIVE_ACCEPTED","attempt_id":"eb28a643-9ccf-426b-82f6-ca0f4a96a813"}[39m
ci	E2E tests as separated API and worker DB logins	2026-09-08T04:16:33.5980063Z [04:16:33.597] [32mINFO[39m (2850): [36mworker_job_completed[39m [90m{"event":"worker_job_completed","worker_id":"fault-worker-a","work_id":"ccd9d8e5-cf7e-4d21-ae70-d25bc00ee439","operation_id":"3d26d644-614f-4228-92b0-044cdde8bc02","tenant_id":"aaaaaaaa-aaaa-4aaa-8aaa-aaaaaaaaaaa1","work_kind":"SUBMIT","attempt_count":1,"elapsed_ms":4,"outcome":"SUBMITTED"}[39m
ci	E2E tests as separated API and worker DB logins	2026-09-08T04:16:33.6007426Z [04:16:33.600] [32mINFO[39m (2850): [36mprovider_submit_result[39m [90m{"event":"provider_submit_result","worker_id":"fault-worker-a","work_id":"2d987787-02d2-479f-90ad-5da767c25123","operation_id":"e14dad6e-c5fb-4f13-80ae-7087bad2b06b","tenant_id":"aaaaaaaa-aaaa-4aaa-8aaa-aaaaaaaaaaa1","work_kind":"SUBMIT","attempt_count":1,"elapsed_ms":0,"outcome":"CONCLUSIVE_ACCEPTED","attempt_id":"f5374bef-7e4e-4aef-afef-b636564fe790"}[39m
ci	E2E tests as separated API and worker DB logins	2026-09-08T04:16:33.6025421Z [04:16:33.602] [32mINFO[39m (2850): [36mworker_job_completed[39m [90m{"event":"worker_job_completed","worker_id":"fault-worker-a","work_id":"2d987787-02d2-479f-90ad-5da767c25123","operation_id":"e14dad6e-c5fb-4f13-80ae-7087bad2b06b","tenant_id":"aaaaaaaa-aaaa-4aaa-8aaa-aaaaaaaaaaa1","work_kind":"SUBMIT","attempt_count":1,"elapsed_ms":4,"outcome":"SUBMITTED"}[39m
ci	E2E tests as separated API and worker DB logins	2026-09-08T04:16:33.6053321Z [04:16:33.604] [32mINFO[39m (2850): [36mprovider_submit_result[39m [90m{"event":"provider_submit_result","worker_id":"fault-worker-a","work_id":"60686135-1adb-4f56-a47b-94beacbdd602","operation_id":"70267575-833c-4fd0-ad5f-243f2977d48d","tenant_id":"aaaaaaaa-aaaa-4aaa-8aaa-aaaaaaaaaaa1","work_kind":"SUBMIT","attempt_count":1,"elapsed_ms":0,"outcome":"CONCLUSIVE_ACCEPTED","attempt_id":"8ce5c6e5-032d-42f9-846f-c643b5463395"}[39m
ci	E2E tests as separated API and worker DB logins	2026-09-08T04:16:33.6075120Z [04:16:33.607] [32mINFO[39m (2850): [36mworker_job_completed[39m [90m{"event":"worker_job_completed","worker_id":"fault-worker-a","work_id":"60686135-1adb-4f56-a47b-94beacbdd602","operation_id":"70267575-833c-4fd0-ad5f-243f2977d48d","tenant_id":"aaaaaaaa-aaaa-4aaa-8aaa-aaaaaaaaaaa1","work_kind":"SUBMIT","attempt_count":1,"elapsed_ms":5,"outcome":"SUBMITTED"}[39m
ci	E2E tests as separated API and worker DB logins	2026-09-08T04:16:33.6105586Z [04:16:33.609] [32mINFO[39m (2850): [36mprovider_submit_result[39m [90m{"event":"provider_submit_result","worker_id":"fault-worker-a","work_id":"c23753e3-b656-4b74-9aab-743409a79919","operation_id":"ba15b9ad-3ae5-4337-9429-c528f5a60d03","tenant_id":"aaaaaaaa-aaaa-4aaa-8aaa-aaaaaaaaaaa1","work_kind":"SUBMIT","attempt_count":1,"elapsed_ms":0,"outcome":"CONCLUSIVE_ACCEPTED","attempt_id":"0d4679ea-a9e9-4d7a-91a6-cc848602d1f9"}[39m
ci	E2E tests as separated API and worker DB logins	2026-09-08T04:16:33.6131204Z [04:16:33.612] [32mINFO[39m (2850): [36mworker_job_completed[39m [90m{"event":"worker_job_completed","worker_id":"fault-worker-a","work_id":"c23753e3-b656-4b74-9aab-743409a79919","operation_id":"ba15b9ad-3ae5-4337-9429-c528f5a60d03","tenant_id":"aaaaaaaa-aaaa-4aaa-8aaa-aaaaaaaaaaa1","work_kind":"SUBMIT","attempt_count":1,"elapsed_ms":5,"outcome":"SUBMITTED"}[39m
ci	E2E tests as separated API and worker DB logins	2026-09-08T04:16:33.6168506Z [04:16:33.616] [32mINFO[39m (2850): [36mprovider_submit_result[39m [90m{"event":"provider_submit_result","worker_id":"fault-worker-a","work_id":"964c72a7-e721-42b1-b939-58841b8d04d9","operation_id":"823021f1-8804-4afd-bc0d-0ae33b7adf1d","tenant_id":"aaaaaaaa-aaaa-4aaa-8aaa-aaaaaaaaaaa1","work_kind":"SUBMIT","attempt_count":1,"elapsed_ms":0,"outcome":"CONCLUSIVE_ACCEPTED","attempt_id":"f5a126e4-b0b4-43fd-89ec-de711c5e2981"}[39m
ci	E2E tests as separated API and worker DB logins	2026-09-08T04:16:33.6191203Z [04:16:33.618] [32mINFO[39m (2850): [36mworker_job_completed[39m [90m{"event":"worker_job_completed","worker_id":"fault-worker-a","work_id":"964c72a7-e721-42b1-b939-58841b8d04d9","operation_id":"823021f1-8804-4afd-bc0d-0ae33b7adf1d","tenant_id":"aaaaaaaa-aaaa-4aaa-8aaa-aaaaaaaaaaa1","work_kind":"SUBMIT","attempt_count":1,"elapsed_ms":5,"outcome":"SUBMITTED"}[39m
ci	E2E tests as separated API and worker DB logins	2026-09-08T04:16:33.6226063Z [04:16:33.622] [32mINFO[39m (2850): [36mprovider_submit_result[39m [90m{"event":"provider_submit_result","worker_id":"fault-worker-a","work_id":"9bd222e7-2aeb-4d1b-9451-99f995addec2","operation_id":"cdc14dca-1d36-4705-a849-ecf4f13b4894","tenant_id":"aaaaaaaa-aaaa-4aaa-8aaa-aaaaaaaaaaa1","work_kind":"SUBMIT","attempt_count":1,"elapsed_ms":0,"outcome":"CONCLUSIVE_ACCEPTED","attempt_id":"2ddf775b-463e-480f-a209-8a615a6be4a9"}[39m
ci	E2E tests as separated API and worker DB logins	2026-09-08T04:16:33.6254097Z [04:16:33.624] [32mINFO[39m (2850): [36mworker_job_completed[39m [90m{"event":"worker_job_completed","worker_id":"fault-worker-a","work_id":"9bd222e7-2aeb-4d1b-9451-99f995addec2","operation_id":"cdc14dca-1d36-4705-a849-ecf4f13b4894","tenant_id":"aaaaaaaa-aaaa-4aaa-8aaa-aaaaaaaaaaa1","work_kind":"SUBMIT","attempt_count":1,"elapsed_ms":5,"outcome":"SUBMITTED"}[39m
ci	E2E tests as separated API and worker DB logins	2026-09-08T04:16:33.6282599Z [04:16:33.627] [32mINFO[39m (2850): [36mprovider_submit_result[39m [90m{"event":"provider_submit_result","worker_id":"fault-worker-a","work_id":"3058dd09-7ebd-435d-8d23-42f5f84bb8e0","operation_id":"aa43469f-6a8c-4d07-a25d-20c35f1807f7","tenant_id":"aaaaaaaa-aaaa-4aaa-8aaa-aaaaaaaaaaa1","work_kind":"SUBMIT","attempt_count":1,"elapsed_ms":0,"outcome":"CONCLUSIVE_ACCEPTED","attempt_id":"3802471d-32fa-439f-ac75-ccf67b3219ed"}[39m
ci	E2E tests as separated API and worker DB logins	2026-09-08T04:16:33.6306982Z [04:16:33.630] [32mINFO[39m (2850): [36mworker_job_completed[39m [90m{"event":"worker_job_completed","worker_id":"fault-worker-a","work_id":"3058dd09-7ebd-435d-8d23-42f5f84bb8e0","operation_id":"aa43469f-6a8c-4d07-a25d-20c35f1807f7","tenant_id":"aaaaaaaa-aaaa-4aaa-8aaa-aaaaaaaaaaa1","work_kind":"SUBMIT","attempt_count":1,"elapsed_ms":5,"outcome":"SUBMITTED"}[39m
ci	E2E tests as separated API and worker DB logins	2026-09-08T04:16:33.6346149Z [04:16:33.634] [32mINFO[39m (2850): [36mprovider_submit_result[39m [90m{"event":"provider_submit_result","worker_id":"fault-worker-a","work_id":"45025940-d98d-4b06-ba05-00c41976a63c","operation_id":"c9236fb0-be01-4be9-a17a-214e386bcd84","tenant_id":"aaaaaaaa-aaaa-4aaa-8aaa-aaaaaaaaaaa1","work_kind":"SUBMIT","attempt_count":1,"elapsed_ms":0,"outcome":"CONCLUSIVE_ACCEPTED","attempt_id":"a5f3a7b9-2dd0-44b6-8b54-036fa4c2e857"}[39m
ci	E2E tests as separated API and worker DB logins	2026-09-08T04:16:33.6371104Z [04:16:33.636] [32mINFO[39m (2850): [36mworker_job_completed[39m [90m{"event":"worker_job_completed","worker_id":"fault-worker-a","work_id":"45025940-d98d-4b06-ba05-00c41976a63c","operation_id":"c9236fb0-be01-4be9-a17a-214e386bcd84","tenant_id":"aaaaaaaa-aaaa-4aaa-8aaa-aaaaaaaaaaa1","work_kind":"SUBMIT","attempt_count":1,"elapsed_ms":5,"outcome":"SUBMITTED"}[39m
ci	E2E tests as separated API and worker DB logins	2026-09-08T04:16:33.6402339Z [04:16:33.639] [32mINFO[39m (2850): [36mprovider_submit_result[39m [90m{"event":"provider_submit_result","worker_id":"fault-worker-a","work_id":"acee02fd-87e1-463e-90b6-402291457e7b","operation_id":"8db268ec-b87e-4ed3-94fb-55d910322d01","tenant_id":"aaaaaaaa-aaaa-4aaa-8aaa-aaaaaaaaaaa1","work_kind":"SUBMIT","attempt_count":1,"elapsed_ms":0,"outcome":"CONCLUSIVE_ACCEPTED","attempt_id":"62ef03ec-9255-4941-a816-3f4030db5250"}[39m
ci	E2E tests as separated API and worker DB logins	2026-09-08T04:16:33.6422715Z [04:16:33.641] [32mINFO[39m (2850): [36mworker_job_completed[39m [90m{"event":"worker_job_completed","worker_id":"fault-worker-a","work_id":"acee02fd-87e1-463e-90b6-402291457e7b","operation_id":"8db268ec-b87e-4ed3-94fb-55d910322d01","tenant_id":"aaaaaaaa-aaaa-4aaa-8aaa-aaaaaaaaaaa1","work_kind":"SUBMIT","attempt_count":1,"elapsed_ms":4,"outcome":"SUBMITTED"}[39m
ci	E2E tests as separated API and worker DB logins	2026-09-08T04:16:33.6457625Z [04:16:33.645] [32mINFO[39m (2850): [36mprovider_submit_result[39m [90m{"event":"provider_submit_result","worker_id":"fault-worker-a","work_id":"8cab3239-32da-443c-9015-e38d1e1b3ed7","operation_id":"a8e7d4e2-e56d-49ba-a45f-fb12a58d5a82","tenant_id":"aaaaaaaa-aaaa-4aaa-8aaa-aaaaaaaaaaa1","work_kind":"SUBMIT","attempt_count":1,"elapsed_ms":0,"outcome":"CONCLUSIVE_ACCEPTED","attempt_id":"b06e175e-20b0-40eb-8bec-8ca78d1c828f"}[39m
ci	E2E tests as separated API and worker DB logins	2026-09-08T04:16:33.6478928Z [04:16:33.647] [32mINFO[39m (2850): [36mworker_job_completed[39m [90m{"event":"worker_job_completed","worker_id":"fault-worker-a","work_id":"8cab3239-32da-443c-9015-e38d1e1b3ed7","operation_id":"a8e7d4e2-e56d-49ba-a45f-fb12a58d5a82","tenant_id":"aaaaaaaa-aaaa-4aaa-8aaa-aaaaaaaaaaa1","work_kind":"SUBMIT","attempt_count":1,"elapsed_ms":5,"outcome":"SUBMITTED"}[39m
ci	E2E tests as separated API and worker DB logins	2026-09-08T04:16:33.6509887Z [04:16:33.650] [32mINFO[39m (2850): [36mprovider_submit_result[39m [90m{"event":"provider_submit_result","worker_id":"fault-worker-a","work_id":"9062568f-1b38-419e-bcde-353897aa1b5c","operation_id":"caf5f134-1cd3-493c-bcdd-5adfe828ce56","tenant_id":"aaaaaaaa-aaaa-4aaa-8aaa-aaaaaaaaaaa1","work_kind":"SUBMIT","attempt_count":1,"elapsed_ms":0,"outcome":"CONCLUSIVE_ACCEPTED","attempt_id":"4d27e3a9-e70f-4cc3-b232-41e73cc02dd2"}[39m
ci	E2E tests as separated API and worker DB logins	2026-09-08T04:16:33.6533930Z [04:16:33.652] [32mINFO[39m (2850): [36mworker_job_completed[39m [90m{"event":"worker_job_completed","worker_id":"fault-worker-a","work_id":"9062568f-1b38-419e-bcde-353897aa1b5c","operation_id":"caf5f134-1cd3-493c-bcdd-5adfe828ce56","tenant_id":"aaaaaaaa-aaaa-4aaa-8aaa-aaaaaaaaaaa1","work_kind":"SUBMIT","attempt_count":1,"elapsed_ms":4,"outcome":"SUBMITTED"}[39m
ci	E2E tests as separated API and worker DB logins	2026-09-08T04:16:33.6662270Z [04:16:33.665] [32mINFO[39m (2850): [36mprovider_submit_result[39m [90m{"event":"provider_submit_result","worker_id":"fault-worker-a","work_id":"8e7f8f8b-2d7e-45e5-8b28-60dee504ba83","operation_id":"d5d22e95-f4b5-4658-953e-356dd2bab0c1","tenant_id":"aaaaaaaa-aaaa-4aaa-8aaa-aaaaaaaaaaa1","work_kind":"SUBMIT","attempt_count":1,"elapsed_ms":0,"outcome":"CONCLUSIVE_ACCEPTED","attempt_id":"6b3a09f8-b0ac-4cbc-bd76-fa898344afe4"}[39m
ci	E2E tests as separated API and worker DB logins	2026-09-08T04:16:33.6686055Z [04:16:33.668] [32mINFO[39m (2850): [36mworker_job_completed[39m [90m{"event":"worker_job_completed","worker_id":"fault-worker-a","work_id":"8e7f8f8b-2d7e-45e5-8b28-60dee504ba83","operation_id":"d5d22e95-f4b5-4658-953e-356dd2bab0c1","tenant_id":"aaaaaaaa-aaaa-4aaa-8aaa-aaaaaaaaaaa1","work_kind":"SUBMIT","attempt_count":1,"elapsed_ms":15,"outcome":"SUBMITTED"}[39m
ci	E2E tests as separated API and worker DB logins	2026-09-08T04:16:33.6725710Z [04:16:33.671] [32mINFO[39m (2850): [36mprovider_submit_result[39m [90m{"event":"provider_submit_result","worker_id":"fault-worker-a","work_id":"e2573ff1-cc63-402c-b294-d3545ff529be","operation_id":"06b0683c-17de-4879-9e83-3fa1532a3b6d","tenant_id":"aaaaaaaa-aaaa-4aaa-8aaa-aaaaaaaaaaa1","work_kind":"SUBMIT","attempt_count":1,"elapsed_ms":0,"outcome":"CONCLUSIVE_ACCEPTED","attempt_id":"30c65517-fe0b-4a87-adec-2db3fe11e18e"}[39m
ci	E2E tests as separated API and worker DB logins	2026-09-08T04:16:33.6750929Z [04:16:33.674] [32mINFO[39m (2850): [36mworker_job_completed[39m [90m{"event":"worker_job_completed","worker_id":"fault-worker-a","work_id":"e2573ff1-cc63-402c-b294-d3545ff529be","operation_id":"06b0683c-17de-4879-9e83-3fa1532a3b6d","tenant_id":"aaaaaaaa-aaaa-4aaa-8aaa-aaaaaaaaaaa1","work_kind":"SUBMIT","attempt_count":1,"elapsed_ms":6,"outcome":"SUBMITTED"}[39m
ci	E2E tests as separated API and worker DB logins	2026-09-08T04:16:33.6782467Z [04:16:33.677] [32mINFO[39m (2850): [36mprovider_submit_result[39m [90m{"event":"provider_submit_result","worker_id":"fault-worker-a","work_id":"fc22864f-c3f2-4152-b756-c69e477ec636","operation_id":"fc3569d9-8833-4203-b23c-d39af8565bc3","tenant_id":"aaaaaaaa-aaaa-4aaa-8aaa-aaaaaaaaaaa1","work_kind":"SUBMIT","attempt_count":1,"elapsed_ms":0,"outcome":"CONCLUSIVE_ACCEPTED","attempt_id":"0f087c80-eb3e-407b-b949-5bccd42a67b4"}[39m
ci	E2E tests as separated API and worker DB logins	2026-09-08T04:16:33.6809914Z [04:16:33.680] [32mINFO[39m (2850): [36mworker_job_completed[39m [90m{"event":"worker_job_completed","worker_id":"fault-worker-a","work_id":"fc22864f-c3f2-4152-b756-c69e477ec636","operation_id":"fc3569d9-8833-4203-b23c-d39af8565bc3","tenant_id":"aaaaaaaa-aaaa-4aaa-8aaa-aaaaaaaaaaa1","work_kind":"SUBMIT","attempt_count":1,"elapsed_ms":5,"outcome":"SUBMITTED"}[39m
ci	E2E tests as separated API and worker DB logins	2026-09-08T04:16:33.6846841Z [04:16:33.683] [32mINFO[39m (2850): [36mprovider_submit_result[39m [90m{"event":"provider_submit_result","worker_id":"fault-worker-a","work_id":"d4b4ed3b-eec2-4da3-98d5-85391424168f","operation_id":"0815079c-056a-48a1-8c83-86704babb7a8","tenant_id":"aaaaaaaa-aaaa-4aaa-8aaa-aaaaaaaaaaa1","work_kind":"SUBMIT","attempt_count":1,"elapsed_ms":0,"outcome":"CONCLUSIVE_ACCEPTED","attempt_id":"88636283-ec94-49a0-baac-dc0e3719be11"}[39m
ci	E2E tests as separated API and worker DB logins	2026-09-08T04:16:33.6870754Z [04:16:33.686] [32mINFO[39m (2850): [36mworker_job_completed[39m [90m{"event":"worker_job_completed","worker_id":"fault-worker-a","work_id":"d4b4ed3b-eec2-4da3-98d5-85391424168f","operation_id":"0815079c-056a-48a1-8c83-86704babb7a8","tenant_id":"aaaaaaaa-aaaa-4aaa-8aaa-aaaaaaaaaaa1","work_kind":"SUBMIT","attempt_count":1,"elapsed_ms":6,"outcome":"SUBMITTED"}[39m
ci	E2E tests as separated API and worker DB logins	2026-09-08T04:16:33.6902622Z [04:16:33.689] [32mINFO[39m (2850): [36mprovider_submit_result[39m [90m{"event":"provider_submit_result","worker_id":"fault-worker-a","work_id":"69897a21-487c-4971-9947-ba493957e0fa","operation_id":"531af31f-7541-4c6f-ab31-fe3a8a1ef926","tenant_id":"aaaaaaaa-aaaa-4aaa-8aaa-aaaaaaaaaaa1","work_kind":"SUBMIT","attempt_count":1,"elapsed_ms":0,"outcome":"CONCLUSIVE_ACCEPTED","attempt_id":"096ad267-1ba2-4221-b021-6a0cc661d48e"}[39m
ci	E2E tests as separated API and worker DB logins	2026-09-08T04:16:33.6925974Z [04:16:33.692] [32mINFO[39m (2850): [36mworker_job_completed[39m [90m{"event":"worker_job_completed","worker_id":"fault-worker-a","work_id":"69897a21-487c-4971-9947-ba493957e0fa","operation_id":"531af31f-7541-4c6f-ab31-fe3a8a1ef926","tenant_id":"aaaaaaaa-aaaa-4aaa-8aaa-aaaaaaaaaaa1","work_kind":"SUBMIT","attempt_count":1,"elapsed_ms":5,"outcome":"SUBMITTED"}[39m
ci	E2E tests as separated API and worker DB logins	2026-09-08T04:16:33.6956529Z [04:16:33.695] [32mINFO[39m (2850): [36mprovider_submit_result[39m [90m{"event":"provider_submit_result","worker_id":"fault-worker-a","work_id":"3498fdde-22cd-4001-9aba-026d76901a9d","operation_id":"0f84d5a8-e5b1-4270-94bd-46859e29bf93","tenant_id":"aaaaaaaa-aaaa-4aaa-8aaa-aaaaaaaaaaa1","work_kind":"SUBMIT","attempt_count":1,"elapsed_ms":0,"outcome":"CONCLUSIVE_ACCEPTED","attempt_id":"733b603b-2bb1-4ff5-9cec-045bd200b2b9"}[39m
ci	E2E tests as separated API and worker DB logins	2026-09-08T04:16:33.6976633Z [04:16:33.696] [32mINFO[39m (2850): [36mworker_job_completed[39m [90m{"event":"worker_job_completed","worker_id":"fault-worker-a","work_id":"3498fdde-22cd-4001-9aba-026d76901a9d","operation_id":"0f84d5a8-e5b1-4270-94bd-46859e29bf93","tenant_id":"aaaaaaaa-aaaa-4aaa-8aaa-aaaaaaaaaaa1","work_kind":"SUBMIT","attempt_count":1,"elapsed_ms":4,"outcome":"SUBMITTED"}[39m
ci	E2E tests as separated API and worker DB logins	2026-09-08T04:16:33.7005982Z [04:16:33.700] [32mINFO[39m (2850): [36mprovider_submit_result[39m [90m{"event":"provider_submit_result","worker_id":"fault-worker-a","work_id":"b36055f1-5088-4955-bb1d-497e949024b2","operation_id":"775a35e5-579a-43a6-acfc-aaba5a805544","tenant_id":"aaaaaaaa-aaaa-4aaa-8aaa-aaaaaaaaaaa1","work_kind":"SUBMIT","attempt_count":1,"elapsed_ms":0,"outcome":"CONCLUSIVE_ACCEPTED","attempt_id":"3c0559d9-9a46-443a-9577-cbddb23ebc49"}[39m
ci	E2E tests as separated API and worker DB logins	2026-09-08T04:16:33.7040530Z [04:16:33.703] [32mINFO[39m (2850): [36mworker_job_completed[39m [90m{"event":"worker_job_completed","worker_id":"fault-worker-a","work_id":"b36055f1-5088-4955-bb1d-497e949024b2","operation_id":"775a35e5-579a-43a6-acfc-aaba5a805544","tenant_id":"aaaaaaaa-aaaa-4aaa-8aaa-aaaaaaaaaaa1","work_kind":"SUBMIT","attempt_count":1,"elapsed_ms":6,"outcome":"SUBMITTED"}[39m
ci	E2E tests as separated API and worker DB logins	2026-09-08T04:16:33.7078772Z [04:16:33.707] [32mINFO[39m (2850): [36mprovider_submit_result[39m [90m{"event":"provider_submit_result","worker_id":"fault-worker-a","work_id":"0eb0eec6-19b5-4851-9573-3bde114caf16","operation_id":"5afe1c85-4726-41ef-ba63-af4b37be133c","tenant_id":"aaaaaaaa-aaaa-4aaa-8aaa-aaaaaaaaaaa1","work_kind":"SUBMIT","attempt_count":1,"elapsed_ms":0,"outcome":"CONCLUSIVE_ACCEPTED","attempt_id":"7d5a7f8f-0511-40c7-a757-5afd59d80325"}[39m
ci	E2E tests as separated API and worker DB logins	2026-09-08T04:16:33.7104721Z [04:16:33.709] [32mINFO[39m (2850): [36mworker_job_completed[39m [90m{"event":"worker_job_completed","worker_id":"fault-worker-a","work_id":"0eb0eec6-19b5-4851-9573-3bde114caf16","operation_id":"5afe1c85-4726-41ef-ba63-af4b37be133c","tenant_id":"aaaaaaaa-aaaa-4aaa-8aaa-aaaaaaaaaaa1","work_kind":"SUBMIT","attempt_count":1,"elapsed_ms":4,"outcome":"SUBMITTED"}[39m
ci	E2E tests as separated API and worker DB logins	2026-09-08T04:16:33.7139467Z [04:16:33.713] [32mINFO[39m (2850): [36mprovider_submit_result[39m [90m{"event":"provider_submit_result","worker_id":"fault-worker-a","work_id":"c83bde11-11e0-4289-8cac-b8a817c6b93c","operation_id":"30e356b4-d2c2-4bb7-8e58-134e2325da97","tenant_id":"aaaaaaaa-aaaa-4aaa-8aaa-aaaaaaaaaaa1","work_kind":"SUBMIT","attempt_count":1,"elapsed_ms":0,"outcome":"CONCLUSIVE_ACCEPTED","attempt_id":"a2ba1dce-67b8-4317-86db-1d0ee6a48cbf"}[39m
ci	E2E tests as separated API and worker DB logins	2026-09-08T04:16:33.7163476Z [04:16:33.715] [32mINFO[39m (2850): [36mworker_job_completed[39m [90m{"event":"worker_job_completed","worker_id":"fault-worker-a","work_id":"c83bde11-11e0-4289-8cac-b8a817c6b93c","operation_id":"30e356b4-d2c2-4bb7-8e58-134e2325da97","tenant_id":"aaaaaaaa-aaaa-4aaa-8aaa-aaaaaaaaaaa1","work_kind":"SUBMIT","attempt_count":1,"elapsed_ms":5,"outcome":"SUBMITTED"}[39m
ci	E2E tests as separated API and worker DB logins	2026-09-08T04:16:33.7201727Z [04:16:33.719] [32mINFO[39m (2850): [36mprovider_submit_result[39m [90m{"event":"provider_submit_result","worker_id":"fault-worker-a","work_id":"e1261fa6-7d3f-41b4-8a37-069a883113d0","operation_id":"6d292b50-4495-4078-a02d-04fb287dd8f2","tenant_id":"aaaaaaaa-aaaa-4aaa-8aaa-aaaaaaaaaaa1","work_kind":"SUBMIT","attempt_count":1,"elapsed_ms":0,"outcome":"CONCLUSIVE_ACCEPTED","attempt_id":"d1d949f5-f1fd-46a2-8852-62dd06b45c55"}[39m
ci	E2E tests as separated API and worker DB logins	2026-09-08T04:16:33.7226378Z [04:16:33.722] [32mINFO[39m (2850): [36mworker_job_completed[39m [90m{"event":"worker_job_completed","worker_id":"fault-worker-a","work_id":"e1261fa6-7d3f-41b4-8a37-069a883113d0","operation_id":"6d292b50-4495-4078-a02d-04fb287dd8f2","tenant_id":"aaaaaaaa-aaaa-4aaa-8aaa-aaaaaaaaaaa1","work_kind":"SUBMIT","attempt_count":1,"elapsed_ms":6,"outcome":"SUBMITTED"}[39m
ci	E2E tests as separated API and worker DB logins	2026-09-08T04:16:33.7260542Z [04:16:33.725] [32mINFO[39m (2850): [36mprovider_submit_result[39m [90m{"event":"provider_submit_result","worker_id":"fault-worker-a","work_id":"141f2175-8f7d-4c7e-9ba9-1bd3e8b12c90","operation_id":"4351d23b-f090-445f-9b55-6b5eeecc3a42","tenant_id":"aaaaaaaa-aaaa-4aaa-8aaa-aaaaaaaaaaa1","work_kind":"SUBMIT","attempt_count":1,"elapsed_ms":0,"outcome":"CONCLUSIVE_ACCEPTED","attempt_id":"52e45147-1a44-499f-8701-bb900b4e6a78"}[39m
ci	E2E tests as separated API and worker DB logins	2026-09-08T04:16:33.7281855Z [04:16:33.727] [32mINFO[39m (2850): [36mworker_job_completed[39m [90m{"event":"worker_job_completed","worker_id":"fault-worker-a","work_id":"141f2175-8f7d-4c7e-9ba9-1bd3e8b12c90","operation_id":"4351d23b-f090-445f-9b55-6b5eeecc3a42","tenant_id":"aaaaaaaa-aaaa-4aaa-8aaa-aaaaaaaaaaa1","work_kind":"SUBMIT","attempt_count":1,"elapsed_ms":5,"outcome":"SUBMITTED"}[39m
ci	E2E tests as separated API and worker DB logins	2026-09-08T04:16:33.7314391Z [04:16:33.730] [32mINFO[39m (2850): [36mprovider_submit_result[39m [90m{"event":"provider_submit_result","worker_id":"fault-worker-a","work_id":"0211b0a9-c0a3-462a-b7ea-d68a5a63d2d9","operation_id":"9240c366-d814-41d7-907c-af836b9d1e9a","tenant_id":"aaaaaaaa-aaaa-4aaa-8aaa-aaaaaaaaaaa1","work_kind":"SUBMIT","attempt_count":1,"elapsed_ms":0,"outcome":"CONCLUSIVE_ACCEPTED","attempt_id":"805e6faf-a16e-4b59-84d6-2bd4dc996ddb"}[39m
ci	E2E tests as separated API and worker DB logins	2026-09-08T04:16:33.7337669Z [04:16:33.733] [32mINFO[39m (2850): [36mworker_job_completed[39m [90m{"event":"worker_job_completed","worker_id":"fault-worker-a","work_id":"0211b0a9-c0a3-462a-b7ea-d68a5a63d2d9","operation_id":"9240c366-d814-41d7-907c-af836b9d1e9a","tenant_id":"aaaaaaaa-aaaa-4aaa-8aaa-aaaaaaaaaaa1","work_kind":"SUBMIT","attempt_count":1,"elapsed_ms":5,"outcome":"SUBMITTED"}[39m
ci	E2E tests as separated API and worker DB logins	2026-09-08T04:16:33.7374747Z [04:16:33.736] [32mINFO[39m (2850): [36mprovider_submit_result[39m [90m{"event":"provider_submit_result","worker_id":"fault-worker-a","work_id":"11411052-fa03-4ebe-9755-20b73070cfa9","operation_id":"55cf5494-3000-45cb-8e71-80bdb1326268","tenant_id":"aaaaaaaa-aaaa-4aaa-8aaa-aaaaaaaaaaa1","work_kind":"SUBMIT","attempt_count":1,"elapsed_ms":0,"outcome":"CONCLUSIVE_ACCEPTED","attempt_id":"e8c49a4b-b85e-4ee2-9ee0-f794607e5797"}[39m
ci	E2E tests as separated API and worker DB logins	2026-09-08T04:16:33.7397462Z [04:16:33.739] [32mINFO[39m (2850): [36mworker_job_completed[39m [90m{"event":"worker_job_completed","worker_id":"fault-worker-a","work_id":"11411052-fa03-4ebe-9755-20b73070cfa9","operation_id":"55cf5494-3000-45cb-8e71-80bdb1326268","tenant_id":"aaaaaaaa-aaaa-4aaa-8aaa-aaaaaaaaaaa1","work_kind":"SUBMIT","attempt_count":1,"elapsed_ms":5,"outcome":"SUBMITTED"}[39m
ci	E2E tests as separated API and worker DB logins	2026-09-08T04:16:33.7435754Z [04:16:33.743] [32mINFO[39m (2850): [36mprovider_submit_result[39m [90m{"event":"provider_submit_result","worker_id":"fault-worker-a","work_id":"08adbb82-d7d0-4bb0-b4da-0a452641010c","operation_id":"3f1df9b2-f769-4ea8-9383-9a7a0518bc07","tenant_id":"aaaaaaaa-aaaa-4aaa-8aaa-aaaaaaaaaaa1","work_kind":"SUBMIT","attempt_count":1,"elapsed_ms":0,"outcome":"CONCLUSIVE_ACCEPTED","attempt_id":"97c6a600-eb6d-4e1c-bedf-43feb002caf1"}[39m
ci	E2E tests as separated API and worker DB logins	2026-09-08T04:16:33.7456967Z [04:16:33.745] [32mINFO[39m (2850): [36mworker_job_completed[39m [90m{"event":"worker_job_completed","worker_id":"fault-worker-a","work_id":"08adbb82-d7d0-4bb0-b4da-0a452641010c","operation_id":"3f1df9b2-f769-4ea8-9383-9a7a0518bc07","tenant_id":"aaaaaaaa-aaaa-4aaa-8aaa-aaaaaaaaaaa1","work_kind":"SUBMIT","attempt_count":1,"elapsed_ms":5,"outcome":"SUBMITTED"}[39m
ci	E2E tests as separated API and worker DB logins	2026-09-08T04:16:33.7496422Z [04:16:33.748] [32mINFO[39m (2850): [36mprovider_submit_result[39m [90m{"event":"provider_submit_result","worker_id":"fault-worker-a","work_id":"6f3ac08c-f24d-4ebe-af6a-f66746737e1d","operation_id":"e638eb0b-8429-458d-9b0c-cc7190a6610e","tenant_id":"aaaaaaaa-aaaa-4aaa-8aaa-aaaaaaaaaaa1","work_kind":"SUBMIT","attempt_count":1,"elapsed_ms":0,"outcome":"CONCLUSIVE_ACCEPTED","attempt_id":"e8895eb9-69e5-462e-937d-9ecf5a682720"}[39m
ci	E2E tests as separated API and worker DB logins	2026-09-08T04:16:33.7520815Z [04:16:33.751] [32mINFO[39m (2850): [36mworker_job_completed[39m [90m{"event":"worker_job_completed","worker_id":"fault-worker-a","work_id":"6f3ac08c-f24d-4ebe-af6a-f66746737e1d","operation_id":"e638eb0b-8429-458d-9b0c-cc7190a6610e","tenant_id":"aaaaaaaa-aaaa-4aaa-8aaa-aaaaaaaaaaa1","work_kind":"SUBMIT","attempt_count":1,"elapsed_ms":5,"outcome":"SUBMITTED"}[39m
ci	E2E tests as separated API and worker DB logins	2026-09-08T04:16:33.7642583Z [04:16:33.763] [32mINFO[39m (2850): [36mhttp_request[39m [90m{"method":"POST","url":"/v1/fiscal-operations","statusCode":202,"elapsed_ms":5,"correlation_id":"2a686fbe-e1be-4678-8b50-333e93dcc6e0"}[39m
ci	E2E tests as separated API and worker DB logins	2026-09-08T04:16:33.7656840Z [04:16:33.765] [32mINFO[39m (2850): [36mhttp_request[39m [90m{"method":"POST","url":"/v1/fiscal-operations","statusCode":202,"elapsed_ms":6,"correlation_id":"ed4c1f67-b3a2-4774-bcfa-d9c19ebaf482"}[39m
ci	E2E tests as separated API and worker DB logins	2026-09-08T04:16:33.7668187Z [04:16:33.766] [32mINFO[39m (2850): [36mhttp_request[39m [90m{"method":"POST","url":"/v1/fiscal-operations","statusCode":202,"elapsed_ms":8,"correlation_id":"f1eb27f7-37c8-47ae-bc15-c0ffc3ccdfda"}[39m
ci	E2E tests as separated API and worker DB logins	2026-09-08T04:16:33.7696815Z [04:16:33.768] [32mINFO[39m (2850): [36mhttp_request[39m [90m{"method":"POST","url":"/v1/fiscal-operations","statusCode":202,"elapsed_ms":8,"correlation_id":"3cc89199-d103-4626-bff5-65c0d3a8a436"}[39m
ci	E2E tests as separated API and worker DB logins	2026-09-08T04:16:33.7735360Z [04:16:33.772] [32mINFO[39m (2850): [36mhttp_request[39m [90m{"method":"POST","url":"/v1/fiscal-operations","statusCode":202,"elapsed_ms":7,"correlation_id":"bebe4c8b-df56-4e87-9bfa-85e8d60acd94"}[39m
ci	E2E tests as separated API and worker DB logins	2026-09-08T04:16:33.7737267Z [04:16:33.773] [32mINFO[39m (2850): [36mhttp_request[39m [90m{"method":"POST","url":"/v1/fiscal-operations","statusCode":202,"elapsed_ms":9,"correlation_id":"6a0e97bf-92e3-437b-8410-87ffe32cb433"}[39m
ci	E2E tests as separated API and worker DB logins	2026-09-08T04:16:33.7741053Z [04:16:33.773] [32mINFO[39m (2850): [36mhttp_request[39m [90m{"method":"POST","url":"/v1/fiscal-operations","statusCode":202,"elapsed_ms":7,"correlation_id":"49902b0a-32e1-45fa-b92d-3972250bf5cd"}[39m
ci	E2E tests as separated API and worker DB logins	2026-09-08T04:16:33.7752996Z [04:16:33.774] [32mINFO[39m (2850): [36mhttp_request[39m [90m{"method":"POST","url":"/v1/fiscal-operations","statusCode":202,"elapsed_ms":7,"correlation_id":"a565605a-fa43-4672-ae54-9ddaa331275f"}[39m
ci	E2E tests as separated API and worker DB logins	2026-09-08T04:16:33.7762861Z [04:16:33.775] [32mINFO[39m (2850): [36mhttp_request[39m [90m{"method":"POST","url":"/v1/fiscal-operations","statusCode":202,"elapsed_ms":8,"correlation_id":"a3741d0f-5187-4af4-9781-7476710e2099"}[39m
ci	E2E tests as separated API and worker DB logins	2026-09-08T04:16:33.7767755Z [04:16:33.775] [32mINFO[39m (2850): [36mhttp_request[39m [90m{"method":"POST","url":"/v1/fiscal-operations","statusCode":202,"elapsed_ms":7,"correlation_id":"d242a5d8-d4a5-4b6b-abc7-9cc79af3906f"}[39m
ci	E2E tests as separated API and worker DB logins	2026-09-08T04:16:33.7781483Z [04:16:33.777] [32mINFO[39m (2850): [36mhttp_request[39m [90m{"method":"POST","url":"/v1/fiscal-operations","statusCode":202,"elapsed_ms":8,"correlation_id":"a5d4adf6-e760-4db9-a480-ca6b329c029e"}[39m
ci	E2E tests as separated API and worker DB logins	2026-09-08T04:16:33.7787696Z [04:16:33.777] [32mINFO[39m (2850): [36mhttp_request[39m [90m{"method":"POST","url":"/v1/fiscal-operations","statusCode":202,"elapsed_ms":8,"correlation_id":"9a71fbe3-0264-4bee-87e7-1589bb50d425"}[39m
ci	E2E tests as separated API and worker DB logins	2026-09-08T04:16:33.7789900Z [04:16:33.778] [32mINFO[39m (2850): [36mhttp_request[39m [90m{"method":"POST","url":"/v1/fiscal-operations","statusCode":202,"elapsed_ms":8,"correlation_id":"166b8351-c036-4bde-ab05-507c555d7eec"}[39m
ci	E2E tests as separated API and worker DB logins	2026-09-08T04:16:33.7797550Z [04:16:33.779] [32mINFO[39m (2850): [36mhttp_request[39m [90m{"method":"POST","url":"/v1/fiscal-operations","statusCode":202,"elapsed_ms":9,"correlation_id":"76a230a8-1d35-4658-b2e0-92a45ab79284"}[39m
ci	E2E tests as separated API and worker DB logins	2026-09-08T04:16:33.7800450Z [04:16:33.779] [32mINFO[39m (2850): [36mhttp_request[39m [90m{"method":"POST","url":"/v1/fiscal-operations","statusCode":202,"elapsed_ms":8,"correlation_id":"4f055245-97f1-4e1b-9780-5e80c80e1f94"}[39m
ci	E2E tests as separated API and worker DB logins	2026-09-08T04:16:33.7851912Z [04:16:33.784] [32mINFO[39m (2850): [36mprovider_submit_result[39m [90m{"event":"provider_submit_result","worker_id":"fault-worker-a","work_id":"95b7fbed-cbb1-4262-870e-f91d4f535f62","operation_id":"4b06861a-25ad-431a-89c3-8d607711d79d","tenant_id":"aaaaaaaa-aaaa-4aaa-8aaa-aaaaaaaaaaa1","work_kind":"SUBMIT","attempt_count":1,"elapsed_ms":0,"outcome":"CONCLUSIVE_ACCEPTED","attempt_id":"8d208e3e-886c-4e1f-aadf-6bf58f22a43d"}[39m
ci	E2E tests as separated API and worker DB logins	2026-09-08T04:16:33.7884799Z [04:16:33.787] [32mINFO[39m (2850): [36mworker_job_completed[39m [90m{"event":"worker_job_completed","worker_id":"fault-worker-a","work_id":"95b7fbed-cbb1-4262-870e-f91d4f535f62","operation_id":"4b06861a-25ad-431a-89c3-8d607711d79d","tenant_id":"aaaaaaaa-aaaa-4aaa-8aaa-aaaaaaaaaaa1","work_kind":"SUBMIT","attempt_count":1,"elapsed_ms":6,"outcome":"SUBMITTED"}[39m
ci	E2E tests as separated API and worker DB logins	2026-09-08T04:16:33.7920706Z [04:16:33.790] [32mINFO[39m (2850): [36mhttp_request[39m [90m{"method":"GET","url":"/v1/fiscal-operations/99999999-9999-4999-8999-999999999999","statusCode":200,"elapsed_ms":0,"correlation_id":"4c0ec026-0fea-4062-9ba1-193c8a697858"}[39m
ci	E2E tests as separated API and worker DB logins	2026-09-08T04:16:33.7966505Z PASS test/fault-injection.e2e-spec.ts
ci	E2E tests as separated API and worker DB logins	2026-09-08T04:16:33.7975442Z 
ci	E2E tests as separated API and worker DB logins	2026-09-08T04:16:33.7983391Z Test Suites: 3 passed, 3 total
ci	E2E tests as separated API and worker DB logins	2026-09-08T04:16:33.7984008Z Tests:       27 passed, 27 total
ci	E2E tests as separated API and worker DB logins	2026-09-08T04:16:33.7984334Z Snapshots:   0 total
ci	E2E tests as separated API and worker DB logins	2026-09-08T04:16:33.7984606Z Time:        3.079 s
ci	E2E tests as separated API and worker DB logins	2026-09-08T04:16:33.7984882Z Ran all test suites.
ci	Concurrency correctness gate	﻿2026-09-08T04:16:33.9350331Z ##[group]Run timeout 120s npm run test:concurrency -- --verbose
ci	Concurrency correctness gate	2026-09-08T04:16:33.9350794Z [36;1mtimeout 120s npm run test:concurrency -- --verbose[0m
ci	Concurrency correctness gate	2026-09-08T04:16:33.9370788Z shell: /usr/bin/bash -e {0}
ci	Concurrency correctness gate	2026-09-08T04:16:33.9371033Z env:
ci	Concurrency correctness gate	2026-09-08T04:16:33.9371212Z   NODE_ENV: test
ci	Concurrency correctness gate	2026-09-08T04:16:33.9371627Z   DATABASE_URL: ***localhost:5432/ci
ci	Concurrency correctness gate	2026-09-08T04:16:33.9371985Z   WORKER_DATABASE_URL: ***localhost:5432/ci
ci	Concurrency correctness gate	2026-09-08T04:16:33.9372339Z   TEST_ADMIN_DATABASE_URL: ***localhost:5432/ci
ci	Concurrency correctness gate	2026-09-08T04:16:33.9372639Z   DATABASE_POOL_MAX: 3
ci	Concurrency correctness gate	2026-09-08T04:16:33.9372886Z   AUTH_PEPPER: f6-test-pepper-0123456789abcdef-32bytes
ci	Concurrency correctness gate	2026-09-08T04:16:33.9373153Z ##[endgroup]
ci	Concurrency correctness gate	2026-09-08T04:16:34.0151927Z 
ci	Concurrency correctness gate	2026-09-08T04:16:34.0152384Z > api@0.0.1 test:concurrency
ci	Concurrency correctness gate	2026-09-08T04:16:34.0152842Z > jest --config ./test/jest-concurrency.json --runInBand --verbose
ci	Concurrency correctness gate	2026-09-08T04:16:34.0153076Z 
ci	Concurrency correctness gate	2026-09-08T04:16:35.2862825Z [04:16:35.281] [32mINFO[39m (2919): [36mhttp_request[39m [90m{"method":"POST","url":"/v1/fiscal-operations","statusCode":202,"elapsed_ms":33,"correlation_id":"9e82f64a-9aba-4f33-972d-cc1f3dd9e819"}[39m
ci	Concurrency correctness gate	2026-09-08T04:16:35.2884757Z [04:16:35.287] [32mINFO[39m (2919): [36mhttp_request[39m [90m{"method":"POST","url":"/v1/fiscal-operations","statusCode":202,"elapsed_ms":34,"correlation_id":"3ade4491-7c3c-48d8-bf4a-78051e1568dd"}[39m
ci	Concurrency correctness gate	2026-09-08T04:16:35.2904237Z [04:16:35.287] [32mINFO[39m (2919): [36mhttp_request[39m [90m{"method":"POST","url":"/v1/fiscal-operations","statusCode":202,"elapsed_ms":33,"correlation_id":"33d2f7c2-e324-4813-a1f2-0f5121ebfed1"}[39m
ci	Concurrency correctness gate	2026-09-08T04:16:35.2905934Z [04:16:35.288] [32mINFO[39m (2919): [36mhttp_request[39m [90m{"method":"POST","url":"/v1/fiscal-operations","statusCode":202,"elapsed_ms":37,"correlation_id":"a13c951f-eae7-4526-8d12-6e2f7fa4ff77"}[39m
ci	Concurrency correctness gate	2026-09-08T04:16:35.2925529Z [04:16:35.291] [32mINFO[39m (2919): [36mhttp_request[39m [90m{"method":"POST","url":"/v1/fiscal-operations","statusCode":202,"elapsed_ms":36,"correlation_id":"4bfb1ae2-265d-4767-85f4-52a102bca591"}[39m
ci	Concurrency correctness gate	2026-09-08T04:16:35.2936742Z [04:16:35.292] [32mINFO[39m (2919): [36mhttp_request[39m [90m{"method":"POST","url":"/v1/fiscal-operations","statusCode":202,"elapsed_ms":36,"correlation_id":"fd63f9fb-cdee-4780-b870-effac7eb3f92"}[39m
ci	Concurrency correctness gate	2026-09-08T04:16:35.2949902Z [04:16:35.294] [32mINFO[39m (2919): [36mhttp_request[39m [90m{"method":"POST","url":"/v1/fiscal-operations","statusCode":202,"elapsed_ms":37,"correlation_id":"a6188766-45b2-4725-8481-8d8acb57b1b4"}[39m
ci	Concurrency correctness gate	2026-09-08T04:16:35.2962000Z [04:16:35.294] [32mINFO[39m (2919): [36mhttp_request[39m [90m{"method":"POST","url":"/v1/fiscal-operations","statusCode":202,"elapsed_ms":37,"correlation_id":"8e3e780f-304e-4bfc-8c8c-eec24ac99ea0"}[39m
ci	Concurrency correctness gate	2026-09-08T04:16:35.2978281Z [04:16:35.296] [32mINFO[39m (2919): [36mhttp_request[39m [90m{"method":"POST","url":"/v1/fiscal-operations","statusCode":202,"elapsed_ms":38,"correlation_id":"087e0bc2-c8a0-41a9-b2fe-32d5f77f9400"}[39m
ci	Concurrency correctness gate	2026-09-08T04:16:35.2994742Z [04:16:35.298] [32mINFO[39m (2919): [36mhttp_request[39m [90m{"method":"POST","url":"/v1/fiscal-operations","statusCode":202,"elapsed_ms":39,"correlation_id":"98c0eeae-4666-4efc-9f23-9764381d5eed"}[39m
ci	Concurrency correctness gate	2026-09-08T04:16:35.3006829Z [04:16:35.299] [32mINFO[39m (2919): [36mhttp_request[39m [90m{"method":"POST","url":"/v1/fiscal-operations","statusCode":202,"elapsed_ms":39,"correlation_id":"e4da3fcf-4b12-4685-b59f-751473319a11"}[39m
ci	Concurrency correctness gate	2026-09-08T04:16:35.3014658Z [04:16:35.300] [32mINFO[39m (2919): [36mhttp_request[39m [90m{"method":"POST","url":"/v1/fiscal-operations","statusCode":202,"elapsed_ms":39,"correlation_id":"39a8b963-3a4a-44d2-bc84-763d6dcebe4c"}[39m
ci	Concurrency correctness gate	2026-09-08T04:16:35.3028312Z [04:16:35.302] [32mINFO[39m (2919): [36mhttp_request[39m [90m{"method":"POST","url":"/v1/fiscal-operations","statusCode":202,"elapsed_ms":41,"correlation_id":"7b844f53-c3ff-43ff-ac6e-90b00b50a395"}[39m
ci	Concurrency correctness gate	2026-09-08T04:16:35.3039682Z [04:16:35.302] [32mINFO[39m (2919): [36mhttp_request[39m [90m{"method":"POST","url":"/v1/fiscal-operations","statusCode":202,"elapsed_ms":40,"correlation_id":"db182162-0dc3-47b4-8e69-7bd77ffb831b"}[39m
ci	Concurrency correctness gate	2026-09-08T04:16:35.3047104Z [04:16:35.303] [32mINFO[39m (2919): [36mhttp_request[39m [90m{"method":"POST","url":"/v1/fiscal-operations","statusCode":202,"elapsed_ms":40,"correlation_id":"f983f42a-50f3-4bad-ab4f-9ee9bd7a4684"}[39m
ci	Concurrency correctness gate	2026-09-08T04:16:35.3061164Z [04:16:35.305] [32mINFO[39m (2919): [36mhttp_request[39m [90m{"method":"POST","url":"/v1/fiscal-operations","statusCode":202,"elapsed_ms":42,"correlation_id":"dc0383bc-e0f4-4afb-8f0a-f817b3f7f421"}[39m
ci	Concurrency correctness gate	2026-09-08T04:16:35.3068512Z [04:16:35.305] [32mINFO[39m (2919): [36mhttp_request[39m [90m{"method":"POST","url":"/v1/fiscal-operations","statusCode":202,"elapsed_ms":41,"correlation_id":"ff6984e6-7488-46c4-b0a9-6f07c356676f"}[39m
ci	Concurrency correctness gate	2026-09-08T04:16:35.3076921Z [04:16:35.306] [32mINFO[39m (2919): [36mhttp_request[39m [90m{"method":"POST","url":"/v1/fiscal-operations","statusCode":202,"elapsed_ms":41,"correlation_id":"dbe46fd8-3862-4ade-9277-5596697f7eb8"}[39m
ci	Concurrency correctness gate	2026-09-08T04:16:35.3092285Z [04:16:35.308] [32mINFO[39m (2919): [36mhttp_request[39m [90m{"method":"POST","url":"/v1/fiscal-operations","statusCode":202,"elapsed_ms":43,"correlation_id":"68d635bd-b179-4891-a7e0-9ecf82345314"}[39m
ci	Concurrency correctness gate	2026-09-08T04:16:35.3097770Z [04:16:35.308] [32mINFO[39m (2919): [36mhttp_request[39m [90m{"method":"POST","url":"/v1/fiscal-operations","statusCode":202,"elapsed_ms":42,"correlation_id":"dde0e83c-39a6-46ee-87a6-f5693dab3c64"}[39m
ci	Concurrency correctness gate	2026-09-08T04:16:35.3111473Z [04:16:35.310] [32mINFO[39m (2919): [36mhttp_request[39m [90m{"method":"POST","url":"/v1/fiscal-operations","statusCode":202,"elapsed_ms":43,"correlation_id":"c693b6d4-e4d9-4251-bef6-5ffc7d918bdc"}[39m
ci	Concurrency correctness gate	2026-09-08T04:16:35.3119897Z [04:16:35.311] [32mINFO[39m (2919): [36mhttp_request[39m [90m{"method":"POST","url":"/v1/fiscal-operations","statusCode":202,"elapsed_ms":44,"correlation_id":"f82b97b5-719b-40cf-a770-33cb42d67f48"}[39m
ci	Concurrency correctness gate	2026-09-08T04:16:35.3129320Z [04:16:35.311] [32mINFO[39m (2919): [36mhttp_request[39m [90m{"method":"POST","url":"/v1/fiscal-operations","statusCode":202,"elapsed_ms":43,"correlation_id":"0178ff48-2359-4a25-8bae-c004600e0e28"}[39m
ci	Concurrency correctness gate	2026-09-08T04:16:35.3142707Z [04:16:35.313] [32mINFO[39m (2919): [36mhttp_request[39m [90m{"method":"POST","url":"/v1/fiscal-operations","statusCode":202,"elapsed_ms":44,"correlation_id":"6952aed2-cb36-42f4-ba8a-bbba428b184e"}[39m
ci	Concurrency correctness gate	2026-09-08T04:16:35.3149268Z [04:16:35.313] [32mINFO[39m (2919): [36mhttp_request[39m [90m{"method":"POST","url":"/v1/fiscal-operations","statusCode":202,"elapsed_ms":43,"correlation_id":"fd26218d-c54f-4c1c-a45a-c7e48d1caec4"}[39m
ci	Concurrency correctness gate	2026-09-08T04:16:35.3158365Z [04:16:35.314] [32mINFO[39m (2919): [36mhttp_request[39m [90m{"method":"POST","url":"/v1/fiscal-operations","statusCode":202,"elapsed_ms":44,"correlation_id":"9af01c05-6dad-4b55-89aa-83c5dea26e34"}[39m
ci	Concurrency correctness gate	2026-09-08T04:16:35.3171744Z [04:16:35.316] [32mINFO[39m (2919): [36mhttp_request[39m [90m{"method":"POST","url":"/v1/fiscal-operations","statusCode":202,"elapsed_ms":45,"correlation_id":"616697cb-7790-44bc-895a-3b3f8e993e06"}[39m
ci	Concurrency correctness gate	2026-09-08T04:16:35.3180565Z [04:16:35.317] [32mINFO[39m (2919): [36mhttp_request[39m [90m{"method":"POST","url":"/v1/fiscal-operations","statusCode":202,"elapsed_ms":45,"correlation_id":"908af314-5461-4742-a863-0fbe63f86e79"}[39m
ci	Concurrency correctness gate	2026-09-08T04:16:35.3188760Z [04:16:35.317] [32mINFO[39m (2919): [36mhttp_request[39m [90m{"method":"POST","url":"/v1/fiscal-operations","statusCode":202,"elapsed_ms":44,"correlation_id":"0a349a16-7264-49fb-a8bf-cf0833c1a879"}[39m
ci	Concurrency correctness gate	2026-09-08T04:16:35.3199872Z [04:16:35.319] [32mINFO[39m (2919): [36mhttp_request[39m [90m{"method":"POST","url":"/v1/fiscal-operations","statusCode":202,"elapsed_ms":46,"correlation_id":"8e695eb3-7004-4f6d-8c75-b1b3a1e9a4e4"}[39m
ci	Concurrency correctness gate	2026-09-08T04:16:35.3206347Z [04:16:35.319] [32mINFO[39m (2919): [36mhttp_request[39m [90m{"method":"POST","url":"/v1/fiscal-operations","statusCode":202,"elapsed_ms":45,"correlation_id":"6cb05574-443b-4286-a400-97241a103ea3"}[39m
ci	Concurrency correctness gate	2026-09-08T04:16:35.3210897Z [04:16:35.320] [32mINFO[39m (2919): [36mhttp_request[39m [90m{"method":"POST","url":"/v1/fiscal-operations","statusCode":202,"elapsed_ms":45,"correlation_id":"3a6ddcc6-266b-435e-819d-044886497f91"}[39m
ci	Concurrency correctness gate	2026-09-08T04:16:35.3361982Z [04:16:35.335] [32mINFO[39m (2919): [36mhttp_request[39m [90m{"method":"POST","url":"/v1/fiscal-operations","statusCode":202,"elapsed_ms":5,"correlation_id":"525de111-e16d-4d2a-a172-24d68291d484"}[39m
ci	Concurrency correctness gate	2026-09-08T04:16:35.3375591Z [04:16:35.336] [32mINFO[39m (2919): [36mhttp_request[39m [90m{"method":"POST","url":"/v1/fiscal-operations","statusCode":202,"elapsed_ms":5,"correlation_id":"307328b2-59e5-4790-9387-fd9ce396da2c"}[39m
ci	Concurrency correctness gate	2026-09-08T04:16:35.3556794Z [04:16:35.354] [32mINFO[39m (2919): [36mhttp_request[39m [90m{"method":"POST","url":"/v1/fiscal-operations","statusCode":202,"elapsed_ms":7,"correlation_id":"dcd6cc2b-1518-4c3e-b4d2-8421cd32fbf0"}[39m
ci	Concurrency correctness gate	2026-09-08T04:16:35.3579123Z [04:16:35.357] [32mINFO[39m (2919): [36mhttp_request[39m [90m{"method":"POST","url":"/v1/fiscal-operations","statusCode":202,"elapsed_ms":11,"correlation_id":"85dec749-226b-48ba-ab9c-0ccaaec28613"}[39m
ci	Concurrency correctness gate	2026-09-08T04:16:35.3594771Z [04:16:35.358] [32mINFO[39m (2919): [36mhttp_request[39m [90m{"method":"POST","url":"/v1/fiscal-operations","statusCode":202,"elapsed_ms":10,"correlation_id":"2be29051-941f-44c2-93b1-44b333d5bcf5"}[39m
ci	Concurrency correctness gate	2026-09-08T04:16:35.3702559Z [04:16:35.369] [32mINFO[39m (2919): [36mhttp_request[39m [90m{"method":"POST","url":"/v1/fiscal-operations","statusCode":202,"elapsed_ms":20,"correlation_id":"d6533481-9eab-46d1-8ed1-2b5711cd6089"}[39m
ci	Concurrency correctness gate	2026-09-08T04:16:35.3775870Z [04:16:35.377] [32mINFO[39m (2919): [36mhttp_request[39m [90m{"method":"POST","url":"/v1/fiscal-operations","statusCode":202,"elapsed_ms":21,"correlation_id":"259b6683-e902-423d-9e1d-343c49772149"}[39m
ci	Concurrency correctness gate	2026-09-08T04:16:35.3781655Z [04:16:35.377] [32mINFO[39m (2919): [36mhttp_request[39m [90m{"method":"POST","url":"/v1/fiscal-operations","statusCode":202,"elapsed_ms":20,"correlation_id":"67eed032-6a5a-47b0-9b4d-6391e8c97b7e"}[39m
ci	Concurrency correctness gate	2026-09-08T04:16:35.3795050Z [04:16:35.378] [32mINFO[39m (2919): [36mhttp_request[39m [90m{"method":"POST","url":"/v1/fiscal-operations","statusCode":202,"elapsed_ms":19,"correlation_id":"422b4cec-06a6-4167-9413-bb623dd566fa"}[39m
ci	Concurrency correctness gate	2026-09-08T04:16:35.3835433Z [04:16:35.382] [32mINFO[39m (2919): [36mhttp_request[39m [90m{"method":"POST","url":"/v1/fiscal-operations","statusCode":202,"elapsed_ms":20,"correlation_id":"ff549fc7-c2c7-4278-a239-275f9963f8cb"}[39m
ci	Concurrency correctness gate	2026-09-08T04:16:35.3840400Z [04:16:35.383] [32mINFO[39m (2919): [36mhttp_request[39m [90m{"method":"POST","url":"/v1/fiscal-operations","statusCode":202,"elapsed_ms":23,"correlation_id":"0946ead4-1c31-42f1-853a-9c6d0371ab1e"}[39m
ci	Concurrency correctness gate	2026-09-08T04:16:35.3853128Z [04:16:35.383] [32mINFO[39m (2919): [36mhttp_request[39m [90m{"method":"POST","url":"/v1/fiscal-operations","statusCode":202,"elapsed_ms":22,"correlation_id":"993a51c0-8862-4bf3-8ad2-7e33887e6c28"}[39m
ci	Concurrency correctness gate	2026-09-08T04:16:35.3899273Z [04:16:35.388] [32mINFO[39m (2919): [36mhttp_request[39m [90m{"method":"POST","url":"/v1/fiscal-operations","statusCode":202,"elapsed_ms":24,"correlation_id":"78f9844a-1208-4f8f-8c39-fd510399cd49"}[39m
ci	Concurrency correctness gate	2026-09-08T04:16:35.3903472Z [04:16:35.389] [32mINFO[39m (2919): [36mhttp_request[39m [90m{"method":"POST","url":"/v1/fiscal-operations","statusCode":202,"elapsed_ms":26,"correlation_id":"667ad15b-5d12-4d8a-9da8-8074cb2f8032"}[39m
ci	Concurrency correctness gate	2026-09-08T04:16:35.3914862Z [04:16:35.389] [32mINFO[39m (2919): [36mhttp_request[39m [90m{"method":"POST","url":"/v1/fiscal-operations","statusCode":202,"elapsed_ms":24,"correlation_id":"2ea78148-32bd-4810-ad68-c2d336ede3bd"}[39m
ci	Concurrency correctness gate	2026-09-08T04:16:35.3949592Z [04:16:35.393] [32mINFO[39m (2919): [36mhttp_request[39m [90m{"method":"POST","url":"/v1/fiscal-operations","statusCode":202,"elapsed_ms":27,"correlation_id":"44203667-0477-4c76-95b9-a383da4f6205"}[39m
ci	Concurrency correctness gate	2026-09-08T04:16:35.3962495Z [04:16:35.395] [32mINFO[39m (2919): [36mhttp_request[39m [90m{"method":"POST","url":"/v1/fiscal-operations","statusCode":202,"elapsed_ms":28,"correlation_id":"9a93c666-72a1-4cc7-b3f7-3704b379d81f"}[39m
ci	Concurrency correctness gate	2026-09-08T04:16:35.3973557Z [04:16:35.396] [32mINFO[39m (2919): [36mhttp_request[39m [90m{"method":"POST","url":"/v1/fiscal-operations","statusCode":202,"elapsed_ms":29,"correlation_id":"59980543-ad0f-4cb9-81a5-5b47a6ba8a41"}[39m
ci	Concurrency correctness gate	2026-09-08T04:16:35.4000521Z [04:16:35.399] [32mINFO[39m (2919): [36mhttp_request[39m [90m{"method":"POST","url":"/v1/fiscal-operations","statusCode":202,"elapsed_ms":31,"correlation_id":"7bb942f0-6930-45d7-aab7-0514505805c1"}[39m
ci	Concurrency correctness gate	2026-09-08T04:16:35.4018245Z [04:16:35.401] [32mINFO[39m (2919): [36mhttp_request[39m [90m{"method":"POST","url":"/v1/fiscal-operations","statusCode":202,"elapsed_ms":31,"correlation_id":"b312b8fe-fa74-4ee6-9ebc-4f07c5b604a8"}[39m
ci	Concurrency correctness gate	2026-09-08T04:16:35.4041064Z [04:16:35.403] [32mINFO[39m (2919): [36mhttp_request[39m [90m{"method":"POST","url":"/v1/fiscal-operations","statusCode":202,"elapsed_ms":33,"correlation_id":"aa3f37dd-0084-4eba-9338-be4e30391495"}[39m
ci	Concurrency correctness gate	2026-09-08T04:16:35.4121778Z [04:16:35.411] [32mINFO[39m (2919): [36mhttp_request[39m [90m{"method":"POST","url":"/v1/fiscal-operations","statusCode":202,"elapsed_ms":39,"correlation_id":"62253148-039f-4421-aec3-63095713b081"}[39m
ci	Concurrency correctness gate	2026-09-08T04:16:35.4145406Z [04:16:35.413] [32mINFO[39m (2919): [36mhttp_request[39m [90m{"method":"POST","url":"/v1/fiscal-operations","statusCode":202,"elapsed_ms":35,"correlation_id":"03208267-e58a-4c01-abad-faa67e1075b7"}[39m
ci	Concurrency correctness gate	2026-09-08T04:16:35.4156666Z [04:16:35.415] [32mINFO[39m (2919): [36mhttp_request[39m [90m{"method":"POST","url":"/v1/fiscal-operations","statusCode":202,"elapsed_ms":31,"correlation_id":"1eb72d23-54c7-4a39-8b66-95fddf8ace1b"}[39m
ci	Concurrency correctness gate	2026-09-08T04:16:35.4167171Z [04:16:35.416] [32mINFO[39m (2919): [36mhttp_request[39m [90m{"method":"POST","url":"/v1/fiscal-operations","statusCode":202,"elapsed_ms":31,"correlation_id":"c6203e71-c650-4aea-ad06-8dcc8171875c"}[39m
ci	Concurrency correctness gate	2026-09-08T04:16:35.4191740Z [04:16:35.418] [32mINFO[39m (2919): [36mhttp_request[39m [90m{"method":"POST","url":"/v1/fiscal-operations","statusCode":202,"elapsed_ms":28,"correlation_id":"161c1eb5-b8c0-4874-b93e-c39b6cb80e15"}[39m
ci	Concurrency correctness gate	2026-09-08T04:16:35.4199204Z [04:16:35.419] [32mINFO[39m (2919): [36mhttp_request[39m [90m{"method":"POST","url":"/v1/fiscal-operations","statusCode":202,"elapsed_ms":25,"correlation_id":"5e303a1d-b6b5-4abb-be23-81897000259e"}[39m
ci	Concurrency correctness gate	2026-09-08T04:16:35.4216370Z [04:16:35.420] [32mINFO[39m (2919): [36mhttp_request[39m [90m{"method":"POST","url":"/v1/fiscal-operations","statusCode":202,"elapsed_ms":24,"correlation_id":"f0220ce7-9a99-4717-957b-b322f1fc90bc"}[39m
ci	Concurrency correctness gate	2026-09-08T04:16:35.4239489Z [04:16:35.423] [32mINFO[39m (2919): [36mhttp_request[39m [90m{"method":"POST","url":"/v1/fiscal-operations","statusCode":202,"elapsed_ms":22,"correlation_id":"df007d72-c7db-4cab-8852-be52e4ac79a1"}[39m
ci	Concurrency correctness gate	2026-09-08T04:16:35.4245174Z [04:16:35.423] [32mINFO[39m (2919): [36mhttp_request[39m [90m{"method":"POST","url":"/v1/fiscal-operations","statusCode":202,"elapsed_ms":24,"correlation_id":"6b7b0c39-7416-42e7-a223-50d9bacc2fe1"}[39m
ci	Concurrency correctness gate	2026-09-08T04:16:35.4252202Z [04:16:35.424] [32mINFO[39m (2919): [36mhttp_request[39m [90m{"method":"POST","url":"/v1/fiscal-operations","statusCode":202,"elapsed_ms":22,"correlation_id":"c58b16b6-2f83-49c6-af09-4ac260164397"}[39m
ci	Concurrency correctness gate	2026-09-08T04:16:35.4281958Z [04:16:35.427] [32mINFO[39m (2919): [36mhttp_request[39m [90m{"method":"POST","url":"/v1/fiscal-operations","statusCode":202,"elapsed_ms":23,"correlation_id":"e1dd27f3-62d4-42a0-b3ed-70aa649086a1"}[39m
ci	Concurrency correctness gate	2026-09-08T04:16:35.4287682Z [04:16:35.428] [32mINFO[39m (2919): [36mhttp_request[39m [90m{"method":"POST","url":"/v1/fiscal-operations","statusCode":202,"elapsed_ms":25,"correlation_id":"31e38e42-3874-4efd-9032-271f6c60b20a"}[39m
ci	Concurrency correctness gate	2026-09-08T04:16:35.4296429Z [04:16:35.428] [32mINFO[39m (2919): [36mhttp_request[39m [90m{"method":"POST","url":"/v1/fiscal-operations","statusCode":202,"elapsed_ms":23,"correlation_id":"88b62b3d-e9de-4891-8ee9-ca3b58891dc1"}[39m
ci	Concurrency correctness gate	2026-09-08T04:16:35.4329221Z [04:16:35.432] [32mINFO[39m (2919): [36mhttp_request[39m [90m{"method":"POST","url":"/v1/fiscal-operations","statusCode":202,"elapsed_ms":26,"correlation_id":"785e142c-216c-4c21-b973-aa10945aadab"}[39m
ci	Concurrency correctness gate	2026-09-08T04:16:35.4335436Z [04:16:35.432] [32mINFO[39m (2919): [36mhttp_request[39m [90m{"method":"POST","url":"/v1/fiscal-operations","statusCode":202,"elapsed_ms":25,"correlation_id":"438a2b9e-5e43-43a3-a1bc-3a47f3d55065"}[39m
ci	Concurrency correctness gate	2026-09-08T04:16:35.4341874Z [04:16:35.433] [32mINFO[39m (2919): [36mhttp_request[39m [90m{"method":"POST","url":"/v1/fiscal-operations","statusCode":202,"elapsed_ms":27,"correlation_id":"9778c2f9-5f3b-4607-8dc9-14071e5a0006"}[39m
ci	Concurrency correctness gate	2026-09-08T04:16:35.4371604Z [04:16:35.436] [32mINFO[39m (2919): [36mhttp_request[39m [90m{"method":"POST","url":"/v1/fiscal-operations","statusCode":202,"elapsed_ms":29,"correlation_id":"a0cc8c0b-58fd-410f-a067-65119a62fdf4"}[39m
ci	Concurrency correctness gate	2026-09-08T04:16:35.4382694Z [04:16:35.437] [32mINFO[39m (2919): [36mhttp_request[39m [90m{"method":"POST","url":"/v1/fiscal-operations","statusCode":202,"elapsed_ms":29,"correlation_id":"bdc36f21-4d40-4463-b1a6-9746372df139"}[39m
ci	Concurrency correctness gate	2026-09-08T04:16:35.4390195Z [04:16:35.438] [32mINFO[39m (2919): [36mhttp_request[39m [90m{"method":"POST","url":"/v1/fiscal-operations","statusCode":202,"elapsed_ms":30,"correlation_id":"ff54ca9d-d0f6-4641-8523-d4af187cf4be"}[39m
ci	Concurrency correctness gate	2026-09-08T04:16:35.4417411Z [04:16:35.441] [32mINFO[39m (2919): [36mhttp_request[39m [90m{"method":"POST","url":"/v1/fiscal-operations","statusCode":202,"elapsed_ms":31,"correlation_id":"f87129f8-a064-47d5-9c91-62a8c904757a"}[39m
ci	Concurrency correctness gate	2026-09-08T04:16:35.4422139Z [04:16:35.441] [32mINFO[39m (2919): [36mhttp_request[39m [90m{"method":"POST","url":"/v1/fiscal-operations","statusCode":202,"elapsed_ms":32,"correlation_id":"467d31c9-cd5b-4703-aff3-7092bad6308d"}[39m
ci	Concurrency correctness gate	2026-09-08T04:16:35.5030386Z PASS test/fiscal-concurrency.concurrency-spec.ts
ci	Concurrency correctness gate	2026-09-08T04:16:35.5038519Z   API-DIAN F6 concurrency gates
ci	Concurrency correctness gate	2026-09-08T04:16:35.5040756Z     ✓ collapses 32 simultaneous identical commands into one logical operation (122 ms)
ci	Concurrency correctness gate	2026-09-08T04:16:35.5041620Z     ✓ allows exactly one semantic winner when different payloads race on one key (10 ms)
ci	Concurrency correctness gate	2026-09-08T04:16:35.5042445Z     ✓ persists 40 distinct simultaneous commands without loss or duplication (104 ms)
ci	Concurrency correctness gate	2026-09-08T04:16:35.5043240Z     ✓ claims every newly queued work item exactly once under parallel workers (46 ms)
ci	Concurrency correctness gate	2026-09-08T04:16:35.5043737Z 
ci	Concurrency correctness gate	2026-09-08T04:16:35.5062888Z Test Suites: 1 passed, 1 total
ci	Concurrency correctness gate	2026-09-08T04:16:35.5063276Z Tests:       4 passed, 4 total
ci	Concurrency correctness gate	2026-09-08T04:16:35.5063980Z Snapshots:   0 total
ci	Concurrency correctness gate	2026-09-08T04:16:35.5064316Z Time:        1.268 s
ci	Concurrency correctness gate	2026-09-08T04:16:35.5064598Z Ran all test suites.
ci	Post Run actions/setup-node@v4	﻿2026-09-08T04:16:35.6311897Z Node 20 is being deprecated. This workflow is running with Node 24 by default. If you need to temporarily use Node 20, you can set the ACTIONS_ALLOW_USE_UNSECURE_NODE_VERSION=true environment variable. For more information see: https://github.blog/changelog/2025-09-19-deprecation-of-node-20-on-github-actions-runners/
ci	Post Run actions/setup-node@v4	2026-09-08T04:16:35.6312831Z Post job cleanup.
ci	Post Run actions/setup-node@v4	2026-09-08T04:16:35.7272217Z (node:2954) [DEP0040] DeprecationWarning: The `punycode` module is deprecated. Please use a userland alternative instead.
ci	Post Run actions/setup-node@v4	2026-09-08T04:16:35.7272874Z (Use `node --trace-deprecation ...` to show where the warning was created)
ci	Post Run actions/setup-node@v4	2026-09-08T04:16:35.7275464Z Cache hit occurred on the primary key node-cache-Linux-x64-npm-0bf1052aa5a480812542930f81012a5a8172984c759af0ae2b03b52f918c2064, not saving cache.
ci	Post Run actions/checkout@v4	﻿2026-09-08T04:16:35.7351707Z Node 20 is being deprecated. This workflow is running with Node 24 by default. If you need to temporarily use Node 20, you can set the ACTIONS_ALLOW_USE_UNSECURE_NODE_VERSION=true environment variable. For more information see: https://github.blog/changelog/2025-09-19-deprecation-of-node-20-on-github-actions-runners/
ci	Post Run actions/checkout@v4	2026-09-08T04:16:35.7352719Z Post job cleanup.
ci	Post Run actions/checkout@v4	2026-09-08T04:16:35.8036695Z [command]/usr/bin/git version
ci	Post Run actions/checkout@v4	2026-09-08T04:16:35.8067981Z git version 2.55.0
ci	Post Run actions/checkout@v4	2026-09-08T04:16:35.8095818Z Temporarily overriding HOME='/home/runner/work/_temp/d710404b-1223-4863-b678-6f60f863ae6f' before making global git config changes
ci	Post Run actions/checkout@v4	2026-09-08T04:16:35.8097081Z Adding repository directory to the temporary git global config as a safe directory
ci	Post Run actions/checkout@v4	2026-09-08T04:16:35.8100437Z [command]/usr/bin/git config --global --add safe.directory /home/runner/work/API-Dian/API-Dian
ci	Post Run actions/checkout@v4	2026-09-08T04:16:35.8129545Z [command]/usr/bin/git config --local --name-only --get-regexp core\.sshCommand
ci	Post Run actions/checkout@v4	2026-09-08T04:16:35.8156116Z [command]/usr/bin/git submodule foreach --recursive sh -c "git config --local --name-only --get-regexp 'core\.sshCommand' && git config --local --unset-all 'core.sshCommand' || :"
ci	Post Run actions/checkout@v4	2026-09-08T04:16:35.8342812Z [command]/usr/bin/git config --local --name-only --get-regexp http\.https\:\/\/github\.com\/\.extraheader
ci	Post Run actions/checkout@v4	2026-09-08T04:16:35.8362700Z http.https://github.com/.extraheader
ci	Post Run actions/checkout@v4	2026-09-08T04:16:35.8369890Z [command]/usr/bin/git config --local --unset-all http.https://github.com/.extraheader
ci	Post Run actions/checkout@v4	2026-09-08T04:16:35.8394007Z [command]/usr/bin/git submodule foreach --recursive sh -c "git config --local --name-only --get-regexp 'http\.https\:\/\/github\.com\/\.extraheader' && git config --local --unset-all 'http.https://github.com/.extraheader' || :"
ci	Post Run actions/checkout@v4	2026-09-08T04:16:35.8568113Z [command]/usr/bin/git config --local --name-only --get-regexp ^includeIf\.gitdir:
ci	Post Run actions/checkout@v4	2026-09-08T04:16:35.8596253Z [command]/usr/bin/git submodule foreach --recursive git config --local --show-origin --name-only --get-regexp remote.origin.url
ci	Stop containers	﻿2026-09-08T04:16:35.8848569Z Print service container logs: 6d60fd3ed88b4bf9ae147d753379544c_postgres15_5d4701
ci	Stop containers	2026-09-08T04:16:35.8852106Z ##[command]/usr/bin/docker logs --details 31ee35b22945876b4acc54ec0a0c5fc07ed74a0dbee7ef9aee15b40738cfe310
ci	Stop containers	2026-09-08T04:16:35.8975339Z  The files belonging to this database system will be owned by user "postgres".
ci	Stop containers	2026-09-08T04:16:35.8975985Z  This user must also own the server process.
ci	Stop containers	2026-09-08T04:16:35.8976324Z  
ci	Stop containers	2026-09-08T04:16:35.8977945Z  initdb: warning: enabling "trust" authentication for local connections
ci	Stop containers	2026-09-08T04:16:35.8978748Z  initdb: hint: You can change this by editing pg_hba.conf or using the option -A, or --auth-local and --auth-host, the next time you run initdb.
ci	Stop containers	2026-09-08T04:16:35.8979586Z  2026-09-08 04:16:04.203 UTC [1] LOG:  starting PostgreSQL 15.19 (Debian 15.19-1.pgdg13+2) on x86_64-pc-linux-gnu, compiled by gcc (Debian 14.2.0-19) 14.2.0, 64-bit
ci	Stop containers	2026-09-08T04:16:35.8980159Z  2026-09-08 04:16:04.204 UTC [1] LOG:  listening on IPv4 address "0.0.0.0", port 5432
ci	Stop containers	2026-09-08T04:16:35.8980585Z  2026-09-08 04:16:04.204 UTC [1] LOG:  listening on IPv6 address "::", port 5432
ci	Stop containers	2026-09-08T04:16:35.8980995Z  2026-09-08 04:16:04.205 UTC [1] LOG:  listening on Unix socket "/var/run/postgresql/.s.PGSQL.5432"
ci	Stop containers	2026-09-08T04:16:35.8981447Z  2026-09-08 04:16:04.207 UTC [65] LOG:  database system was shut down at 2026-09-08 04:16:03 UTC
ci	Stop containers	2026-09-08T04:16:35.8981854Z  2026-09-08 04:16:04.210 UTC [1] LOG:  database system is ready to accept connections
ci	Stop containers	2026-09-08T04:16:35.8982276Z  2026-09-08 04:16:30.261 UTC [116] WARNING:  role "api_dian_dev" is not a member of role "app_worker"
ci	Stop containers	2026-09-08T04:16:35.8982725Z  2026-09-08 04:16:30.261 UTC [116] WARNING:  role "api_dian_dev" is not a member of role "app_ops"
ci	Stop containers	2026-09-08T04:16:35.8983173Z  2026-09-08 04:16:30.261 UTC [116] WARNING:  role "api_dian_dev" is not a member of role "app_ops_control"
ci	Stop containers	2026-09-08T04:16:35.8983829Z  2026-09-08 04:16:30.261 UTC [116] WARNING:  role "api_dian_dev" is not a member of role "app_migrator"
ci	Stop containers	2026-09-08T04:16:35.8984307Z  2026-09-08 04:16:30.268 UTC [116] WARNING:  role "api_dian_worker_dev" is not a member of role "app_api"
ci	Stop containers	2026-09-08T04:16:35.8984764Z  2026-09-08 04:16:30.268 UTC [116] WARNING:  role "api_dian_worker_dev" is not a member of role "app_ops"
ci	Stop containers	2026-09-08T04:16:35.8985175Z  The database cluster will be initialized with locale "en_US.utf8".
ci	Stop containers	2026-09-08T04:16:35.8985803Z  2026-09-08 04:16:30.268 UTC [116] WARNING:  role "api_dian_worker_dev" is not a member of role "app_ops_control"
ci	Stop containers	2026-09-08T04:16:35.8986302Z  2026-09-08 04:16:30.268 UTC [116] WARNING:  role "api_dian_worker_dev" is not a member of role "app_migrator"
ci	Stop containers	2026-09-08T04:16:35.8986772Z  2026-09-08 04:16:30.275 UTC [116] WARNING:  role "api_dian_ops_dev" is not a member of role "app_api"
ci	Stop containers	2026-09-08T04:16:35.8987240Z  2026-09-08 04:16:30.275 UTC [116] WARNING:  role "api_dian_ops_dev" is not a member of role "app_worker"
ci	Stop containers	2026-09-08T04:16:35.8987697Z  2026-09-08 04:16:30.275 UTC [116] WARNING:  role "api_dian_ops_dev" is not a member of role "app_migrator"
ci	Stop containers	2026-09-08T04:16:35.8988146Z  2026-09-08 04:16:33.074 UTC [136] ERROR:  invalid fiscal state transition: UNKNOWN -> READY
ci	Stop containers	2026-09-08T04:16:35.8988619Z  2026-09-08 04:16:33.074 UTC [136] CONTEXT:  PL/pgSQL function app.guard_fiscal_operation_update() line 40 at RAISE
ci	Stop containers	2026-09-08T04:16:35.8989060Z  2026-09-08 04:16:33.074 UTC [136] STATEMENT:  UPDATE app.fiscal_operations
ci	Stop containers	2026-09-08T04:16:35.8989407Z  	         SET status = 'READY', state_version = state_version + 1
ci	Stop containers	2026-09-08T04:16:35.8989680Z  	         WHERE id = $1::uuid
ci	Stop containers	2026-09-08T04:16:35.8989956Z  The default database encoding has accordingly been set to "UTF8".
ci	Stop containers	2026-09-08T04:16:35.8990306Z  The default text search configuration will be set to "english".
ci	Stop containers	2026-09-08T04:16:35.8990575Z  
ci	Stop containers	2026-09-08T04:16:35.8990755Z  Data page checksums are disabled.
ci	Stop containers	2026-09-08T04:16:35.8990973Z  
ci	Stop containers	2026-09-08T04:16:35.8991221Z  fixing permissions on existing directory /var/lib/postgresql/data ... ok
ci	Stop containers	2026-09-08T04:16:35.8991535Z  creating subdirectories ... ok
ci	Stop containers	2026-09-08T04:16:35.8991903Z  selecting dynamic shared memory implementation ... posix
ci	Stop containers	2026-09-08T04:16:35.8992210Z  selecting default max_connections ... 100
ci	Stop containers	2026-09-08T04:16:35.8992470Z  selecting default shared_buffers ... 128MB
ci	Stop containers	2026-09-08T04:16:35.8992723Z  selecting default time zone ... Etc/UTC
ci	Stop containers	2026-09-08T04:16:35.8992987Z  creating configuration files ... ok
ci	Stop containers	2026-09-08T04:16:35.8993232Z  running bootstrap script ... ok
ci	Stop containers	2026-09-08T04:16:35.8993493Z  performing post-bootstrap initialization ... ok
ci	Stop containers	2026-09-08T04:16:35.8993911Z  syncing data to disk ... ok
ci	Stop containers	2026-09-08T04:16:35.8994180Z  
ci	Stop containers	2026-09-08T04:16:35.8994369Z  
ci	Stop containers	2026-09-08T04:16:35.8994599Z  Success. You can now start the database server using:
ci	Stop containers	2026-09-08T04:16:35.8994858Z  
ci	Stop containers	2026-09-08T04:16:35.8995060Z      pg_ctl -D /var/lib/postgresql/data -l logfile start
ci	Stop containers	2026-09-08T04:16:35.8995308Z  
ci	Stop containers	2026-09-08T04:16:35.8995802Z  waiting for server to start....2026-09-08 04:16:03.532 UTC [49] LOG:  starting PostgreSQL 15.19 (Debian 15.19-1.pgdg13+2) on x86_64-pc-linux-gnu, compiled by gcc (Debian 14.2.0-19) 14.2.0, 64-bit
ci	Stop containers	2026-09-08T04:16:35.8996472Z  2026-09-08 04:16:03.532 UTC [49] LOG:  listening on Unix socket "/var/run/postgresql/.s.PGSQL.5432"
ci	Stop containers	2026-09-08T04:16:35.8996917Z  2026-09-08 04:16:03.534 UTC [52] LOG:  database system was shut down at 2026-09-08 04:16:02 UTC
ci	Stop containers	2026-09-08T04:16:35.8997333Z  2026-09-08 04:16:03.537 UTC [49] LOG:  database system is ready to accept connections
ci	Stop containers	2026-09-08T04:16:35.8997639Z   done
ci	Stop containers	2026-09-08T04:16:35.8997807Z  server started
ci	Stop containers	2026-09-08T04:16:35.8997993Z  CREATE DATABASE
ci	Stop containers	2026-09-08T04:16:35.8998169Z  
ci	Stop containers	2026-09-08T04:16:35.8998324Z  
ci	Stop containers	2026-09-08T04:16:35.8998591Z  /usr/local/bin/docker-entrypoint.sh: ignoring /docker-entrypoint-initdb.d/*
ci	Stop containers	2026-09-08T04:16:35.8998917Z  
ci	Stop containers	2026-09-08T04:16:35.8999211Z  waiting for server to shut down....2026-09-08 04:16:03.746 UTC [49] LOG:  received fast shutdown request
ci	Stop containers	2026-09-08T04:16:35.8999624Z  2026-09-08 04:16:03.746 UTC [49] LOG:  aborting any active transactions
ci	Stop containers	2026-09-08T04:16:35.9000080Z  2026-09-08 04:16:03.748 UTC [49] LOG:  background worker "logical replication launcher" (PID 55) exited with exit code 1
ci	Stop containers	2026-09-08T04:16:35.9000506Z  2026-09-08 04:16:03.748 UTC [50] LOG:  shutting down
ci	Stop containers	2026-09-08T04:16:35.9000823Z  2026-09-08 04:16:03.749 UTC [50] LOG:  checkpoint starting: shutdown immediate
ci	Stop containers	2026-09-08T04:16:35.9001640Z  2026-09-08 04:16:03.976 UTC [50] LOG:  checkpoint complete: wrote 922 buffers (5.6%); 0 WAL file(s) added, 0 removed, 0 recycled; write=0.077 s, sync=0.149 s, total=0.228 s; sync files=301, longest=0.131 s, average=0.001 s; distance=4239 kB, estimate=4239 kB
ci	Stop containers	2026-09-08T04:16:35.9002363Z  2026-09-08 04:16:03.979 UTC [49] LOG:  database system is shut down
ci	Stop containers	2026-09-08T04:16:35.9002629Z   done
ci	Stop containers	2026-09-08T04:16:35.9002807Z  server stopped
ci	Stop containers	2026-09-08T04:16:35.9002985Z  
ci	Stop containers	2026-09-08T04:16:35.9003198Z  PostgreSQL init process complete; ready for start up.
ci	Stop containers	2026-09-08T04:16:35.9003464Z  
ci	Stop containers	2026-09-08T04:16:35.9013239Z Stop and remove container: 6d60fd3ed88b4bf9ae147d753379544c_postgres15_5d4701
ci	Stop containers	2026-09-08T04:16:35.9017238Z ##[command]/usr/bin/docker rm --force 31ee35b22945876b4acc54ec0a0c5fc07ed74a0dbee7ef9aee15b40738cfe310
ci	Stop containers	2026-09-08T04:16:36.1520261Z 31ee35b22945876b4acc54ec0a0c5fc07ed74a0dbee7ef9aee15b40738cfe310
ci	Stop containers	2026-09-08T04:16:36.1537887Z Remove container network: github_network_3e95c65c3dd0439887ed63c079501603
ci	Stop containers	2026-09-08T04:16:36.1541681Z ##[command]/usr/bin/docker network rm github_network_3e95c65c3dd0439887ed63c079501603
ci	Stop containers	2026-09-08T04:16:36.2282943Z github_network_3e95c65c3dd0439887ed63c079501603
ci	Complete job	﻿2026-09-08T04:16:36.2344211Z Cleaning up orphan processes
ci	Complete job	2026-09-08T04:16:36.2594773Z ##[warning]Node.js 20 is deprecated. The following actions target Node.js 20 but are being forced to run on Node.js 24: actions/checkout@v4, actions/setup-node@v4. For more information see: https://github.blog/changelog/2025-09-19-deprecation-of-node-20-on-github-actions-runners/
